Year,Car Name,Mileage (kms),Fuel Type,Transmission,Price (Lakh),Location
2018,Hyundai Grand i10 1.2 Kappa Asta,"32,000",Petrol,Manual,5.25,"Chromepet, Chennai"
2023,Mercedes-Benz GLA 220d 4M BSVI,"5,000",Diesel,Automatic,55,"Thygaraya Nagar, Chennai"
2022,Renault KWID 1.0 RXT AMT BSVI,"13,119",Petrol,Automatic,5.06,"Vadapalani, Chennai"
2022,Tata Punch Adventure BSVI,"32,148",Petrol,Manual,5.10,"Meenambakkam, Chennai"
2018,Honda Amaze VX CVT i-VTEC,"70,000",Petrol,Automatic,5.50,Chennai
2023,Nissan Magnite XV Premium,"17,998",Petrol,Manual,7.50,"Thiruverkadu, Chennai"
2024,Hyundai Venue SX Opt Turbo,"3,200",Petrol,Manual,14.50,"Thygaraya Nagar, Chennai"
2015,Hyundai Grand i10 1.2 Kappa Sportz BSIV,"31,803",Petrol,Manual,4.25,"Meenambakkam, Chennai"
2018,Volkswagen Vento 1.5 TDI Comfortline,"80,000",Diesel,Manual,7.60,Chennai
2021,Nissan Magnite XE BSVI,"9,800",Petrol,Manual,5.60,"Pr. Accountant General S.O, Chennai"
2023,Tata Nexon XMA AMT S,"14,325",Petrol,Automatic,9.49,"Vadapalani, Chennai"
2019,Maruti Alto K10 VXI AMT,"56,278",Petrol,Automatic,3.66,"Vadapalani, Chennai"
2022,Volkswagen Virtus Highline AT BSVI,"20,000",Petrol,Automatic,14.25,Chennai
2023,Mahindra Thar LX 4WD Hard Top AT BSVI,"5,000",Petrol,Automatic,15.75,"Thygaraya Nagar, Chennai"
2019,Hyundai Venue S BSIV,"31,000",Petrol,Manual,7.45,"Kovilambakkam, Chennai"
2020,Kia Sonet GTX Plus Turbo DCT DT,"33,000",Petrol,Automatic,10.25,"Anna Nagar West Extension, Chennai"
2020,Kia Seltos Anniversary Edition IVT,"50,000",Petrol,Automatic,16.90,Chennai
2021,Renault Kiger RXZ Turbo CVT,"25,260",Petrol,Automatic,8.14,"Airport, Chennai"
2016,Maruti Wagon R VXI Optional,"41,499",Petrol,Manual,4.02,"Vadapalani, Chennai"
2017,Honda Jazz 1.2 V AT i VTEC,"37,000",Petrol,Automatic,5.99,"Thygaraya Nagar, Chennai"
2016,Tata Tiago 1.2 Revotron XE,"60,000",Petrol,Manual,3.50,Chennai
2021,Kia Seltos X-Line DCT,"25,000",Petrol,Automatic,15.30,"Thygaraya Nagar, Chennai"
2019,Tata Tiago XM,"40,109",Petrol,Manual,4.27,"Vadapalani, Chennai"
2018,Ford Ecosport 1.5 Petrol Titanium Plus AT,"54,000",Petrol,Automatic,6.40,"Thygaraya Nagar, Chennai"
2023,Maruti Swift Dzire VXI CNG BSVI,"20,000",CNG,Manual,8,Chennai
2023,Renault Triber RXT,"15,502",Petrol,Manual,6.38,"Vadapalani, Chennai"
2016,Hyundai Grand i10 Asta Option AT,"56,403",Petrol,Automatic,4.65,"Thygaraya Nagar, Chennai"
2024,Toyota Innova Hycross VX(O) 7STR Hybrid BSVI,"5,000",Petrol,Automatic,33.75,"Thygaraya Nagar, Chennai"
2023,Tata Tiago EV XZ Plus Tech LUX LR ACFC,"20,000",Electric,Automatic,9.65,Chennai
2022,Kia Carnival Limousine Plus,"49,000",Diesel,Automatic,42,"Kottivakkam, Chennai"
2022,Mercedes-Benz GLS 400d 4MATIC,"21,000",Diesel,Automatic,1.15 Crore,"Medavakkam, Chennai"
2020,Kia Sonet GTX Plus Diesel AT BSVI,"49,002",Diesel,Automatic,12.50,"Kottivakkam, Chennai"
2012,Hyundai Verna 1.6 SX CRDi (O),"80,000",Diesel,Manual,4.25,Chennai
2022,Renault Kiger RXZ,"15,000",Petrol,Manual,8.25,"Anna Nagar, Chennai"
2021,Maruti Baleno Delta,"32,175",Petrol,Manual,6.27,"Vadapalani, Chennai"
2013,Maruti Wagon R VXI BS IV,"61,079",Petrol,Manual,3.10,"Meenambakkam, Chennai"
2021,Jeep Compass Model S DCT BSVI,"70,000",Petrol,Automatic,19,Chennai
2021,Kia Sonet HTX Diesel BSVI,"18,000",Diesel,Manual,10.95,"Anna Nagar, Chennai"
2018,Hyundai i20 1.2 Magna Executive,"95,021",Petrol,Manual,4.81,"Vadapalani, Chennai"
2019,BMW X5 xDrive 30d xLine,"28,002",Diesel,Automatic,78,"Kottivakkam, Chennai"
2021,Maruti S-Presso VXI AT 2019-2022,"22,828",Petrol,Automatic,4.35,"Thiruverkadu, Chennai"
2019,Maruti Ertiga ZXI Plus,"38,000",Petrol,Manual,9.75,"Koyambedu, Chennai"
2016,Honda City i VTEC SV,"46,633",Petrol,Manual,5.64,"Vadapalani, Chennai"
2016,Volkswagen Ameo 1.5 TDI Highline,"64,375",Diesel,Manual,5.10,"Meenambakkam, Chennai"
2021,Tata Tigor XZ Plus BSVI,"29,778",Petrol,Manual,5.64,"Thiruverkadu, Chennai"
2023,Maruti Alto K10 VXI Plus,"16,604",Petrol,Manual,4.71,"Vadapalani, Chennai"
2017,Maruti Baleno 1.2 Alpha,"62,000",Petrol,Manual,5.50,"Koyambedu, Chennai"
2021,Kia Seltos HTX IVT,"28,000",Petrol,Automatic,13.75,"Thygaraya Nagar, Chennai"
2016,Maruti Wagon R VXI Optional,"89,921",Petrol,Manual,3.86,"Vadapalani, Chennai"
2015,Mercedes-Benz CLA 200 CDI Sport,"88,000",Diesel,Automatic,16,"Ashoknagar, Chennai"
2019,Maruti Swift Dzire VXI 1.2,"43,369",Petrol,Manual,6.02,"Ganapathipuram, Chennai"
2019,Mercedes-Benz GLC 220d 4MATIC,"71,000",Diesel,Automatic,40.50,"Kottivakkam, Chennai"
2023,Tata Nexon XMA AMT S,"14,325",Petrol,Automatic,9.49,"Vadapalani, Chennai"
2014,Hyundai i20 Asta 1.2,"66,213",Petrol,Manual,4.90,"Chromepet, Chennai"
2022,Maruti Swift VXI AMT BSVI,"64,844",Petrol,Automatic,6.25,"Ganapathipuram, Chennai"
2016,Maruti Wagon R VXI BS IV,"79,916",Petrol,Manual,3.85,"Chromepet, Chennai"
2017,Hyundai i20 Active 1.2 SX,"34,215",Petrol,Manual,5.46,"Thiruverkadu, Chennai"
2022,Mercedes-Benz E-Class Exclusive E 220d BSVI,"21,000",Diesel,Automatic,59,"Kottivakkam, Chennai"
2019,Tata Tiago XZA Plus Dual Tone Roof AMT BSVI,"55,872",Petrol,Automatic,5.68,"Airport, Chennai"
2020,Tata Tiago XE BSVI,"70,754",Petrol,Manual,4.20,"Thiruverkadu, Chennai"
2022,Volkswagen Taigun 1.0 TSI Topline AT BSVI,"13,000",Petrol,Automatic,15.50,"Thygaraya Nagar, Chennai"
2023,Renault KWID 1.0 RXT,"17,425",Petrol,Manual,4.67,"Vadapalani, Chennai"
2020,Maruti Celerio ZXI Optional,"26,001",Petrol,Manual,5.25,"Anna Nagar, Chennai"
2023,Maruti Celerio ZXI,"14,287",Petrol,Manual,5.67,"Vadapalani, Chennai"
2021,Hyundai i20 Sportz IVT BSVI,"29,000",Petrol,Automatic,7.65,"Kovilambakkam, Chennai"
2023,MG Astor Sharp CVT BSVI,"15,000",Petrol,Automatic,14.75,"Thygaraya Nagar, Chennai"
2018,Tata Tigor XZ Plus,"94,676",Petrol,Manual,3.99,"Ganapathipuram, Chennai"
2019,Volvo XC 90 D5 Inscription BSIV,"50,000",Diesel,Automatic,67,"Ashoknagar, Chennai"
2021,Hyundai i20 Asta IVT DT,"45,117",Petrol,Automatic,7.09,"Vadapalani, Chennai"
2021,Nissan Magnite Turbo CVT XL BSVI,"31,311",Petrol,Automatic,6.69,"Ganapathipuram, Chennai"
2018,Jeep Compass 2.0 Longitude Option BSIV,"94,000",Diesel,Manual,10.25,"Kovilambakkam, Chennai"
2018,Hyundai Santro Magna AMT BSIV,"33,367",Petrol,Automatic,4.21,"Thiruverkadu, Chennai"
2019,Hyundai Santro Sportz AMT BSIV,"57,769",Petrol,Automatic,4.49,"Vadapalani, Chennai"
2018,Honda Jazz 1.2 VX i VTEC,"66,362",Petrol,Manual,5.85,"Meenambakkam, Chennai"
2020,Kia Seltos HTK Plus AT D,"69,549",Diesel,Automatic,11.80,"Ganapathipuram, Chennai"
2022,Maruti Dzire VXI,"19,288",Petrol,Manual,6.96,"Vadapalani, Chennai"
2020,Maruti Ciaz Alpha AT,"40,000",Petrol,Automatic,8.40,"Thygaraya Nagar, Chennai"
2017,Maruti Baleno 1.3 Delta,"81,134",Diesel,Manual,5.70,"Ganapathipuram, Chennai"
2018,Maruti Ignis 1.2 Sigma BSIV,"34,041",Petrol,Manual,4.55,"Chromepet, Chennai"
2021,Maruti S-Presso VXI,"7,087",Petrol,Manual,4.60,"Airport, Chennai"
2019,BMW X1 sDrive20d Expedition,"80,000",Diesel,Automatic,24,"Ashoknagar, Chennai"
2023,MG Astor Savvy CVT BSVI,"3,000",Petrol,Automatic,16.25,"Thygaraya Nagar, Chennai"
2022,Hyundai i20 Magna 1.2,"29,289",Petrol,Manual,6.55,"Airport, Chennai"
2022,Hyundai Verna S Plus,"11,000",Petrol,Manual,9.99,"Thygaraya Nagar, Chennai"
2020,Kia Seltos HTX IVT G,"73,069",Petrol,Automatic,11.40,"Vadapalani, Chennai"
2009,Audi A6 2.0 TDI Technology,"92,000",Diesel,Automatic,12,"Kottivakkam, Chennai"
2018,Maruti Swift Dzire VXI 1.2,"30,980",Petrol,Manual,5.50,"Vadapalani, Chennai"
2017,Maruti Baleno 1.3 Delta,"28,660",Diesel,Manual,6.40,"Vadapalani, Chennai"
2018,Honda Jazz 1.2 V AT i VTEC,"39,014",Petrol,Automatic,5.58,"Vadapalani, Chennai"
2023,Mahindra Bolero Neo N10 R BSVI,"40,000",Diesel,Manual,11.50,"Medavakkam, Chennai"
2019,Maruti Celerio ZXI AMT,"34,441",Petrol,Automatic,4.99,"Vadapalani, Chennai"
2019,Volkswagen Vento 1.2 TSI Highline AT,"63,939",Petrol,Automatic,7.90,"Chromepet, Chennai"
2020,Kia Sonet HTX Turbo iMT,"40,856",Petrol,Automatic,8.52,"Vadapalani, Chennai"
2022,Maruti Ignis Zeta BSVI,"51,933",Petrol,Manual,5.12,"Thiruverkadu, Chennai"
2015,Mercedes-Benz B Class B200 CDI,"58,000",Diesel,Automatic,18,"Kottivakkam, Chennai"
2022,Hyundai i20 Sportz BSVI,"22,191",Petrol,Manual,7.28,"Ganapathipuram, Chennai"
2016,Hyundai i20 Asta 1.2,"46,614",Petrol,Manual,5.39,"Ganapathipuram, Chennai"
2019,BMW 7 Series 730Ld DPE Signature,"53,000",Diesel,Automatic,68,"Kottivakkam, Chennai"
2021,Maruti S-Presso VXI 2019-2022,"38,830",Petrol,Manual,3.83,"Ganapathipuram, Chennai"
2021,Maruti Swift VXI,"43,974",Petrol,Manual,6,"Vadapalani, Chennai"
2023,Volkswagen Taigun 1.0 Topline,"8,795",Petrol,Manual,14.40,"Vadapalani, Chennai"
2014,Mercedes-Benz G-Class G 350d,"1,10,000",Diesel,Automatic,32,"Kottivakkam, Chennai"
2012,BMW X1 sDrive20d,"80,002",Diesel,Automatic,12.50,"Kottivakkam, Chennai"
2020,Maruti Swift Dzire ZXI AT,"60,000",Petrol,Automatic,6.50,"Ashoknagar, Chennai"
2022,Hyundai i20 Asta Opt IVT,"7,000",Petrol,Automatic,9.75,"Thygaraya Nagar, Chennai"
2022,Kia Seltos HTX IVT G,"30,000",Petrol,Automatic,15.25,"Anna Nagar, Chennai"
2021,Hyundai Venue SX Turbo,"40,898",Petrol,Manual,8.66,"Airport, Chennai"
2018,Jeep Compass 2.0 Limited,"22,000",Diesel,Manual,15.50,"Kottivakkam, Chennai"
2020,Kia Seltos GTX Plus,"44,920",Petrol,Manual,11.85,"Vadapalani, Chennai"
2022,Hyundai i20 Sportz 1.2,"21,974",Petrol,Manual,7.47,"Vadapalani, Chennai"
2015,Hyundai EON Era,"30,273",Petrol,Manual,3.14,"Vadapalani, Chennai"
2022,Mercedes-Benz EQS 580 4Matic,"4,700",Electric,Automatic,92,"Medavakkam, Chennai"
2021,Renault KWID RXT,"46,376",Petrol,Manual,3.92,"Vadapalani, Chennai"
2015,Mercedes-Benz E-Class E250 Edition E,"46,000",Diesel,Automatic,25,"Kottivakkam, Chennai"
2024,Toyota Innova Hycross ZX(O) Hybrid,"19,000",Petrol,Automatic,38.25,"Thygaraya Nagar, Chennai"
2019,Maruti Swift Dzire AMT ZDI,"87,000",Diesel,Automatic,7,"Ashoknagar, Chennai"
2019,Maruti Ignis Delta,"48,373",Petrol,Manual,4.71,"Airport, Chennai"
2016,Hyundai Grand i10 1.2 Kappa Sportz BSIV,"41,088",Petrol,Manual,4.46,"Vadapalani, Chennai"
2018,Maruti Celerio VXI AMT BSIV,"39,382",Petrol,Automatic,4.60,"Chromepet, Chennai"
2019,Maruti Baleno Alpha Diesel,"46,877",Diesel,Manual,6.59,"Airport, Chennai"
2022,Maruti S-Presso VXI CNG,"65,260",CNG,Manual,4.68,"Vadapalani, Chennai"
2016,Hyundai i20 Sportz 1.2,"93,319",Petrol,Manual,4.79,"Ganapathipuram, Chennai"
2014,Mercedes-Benz B Class B180 CDI,"75,241",Diesel,Automatic,11.99,"Thygaraya Nagar, Chennai"
2019,Hyundai Xcent 1.2 VTVT S,"44,255",Petrol,Manual,5.60,"Chromepet, Chennai"
2018,Renault KWID 1.0 AMT RXT,"57,196",Petrol,Automatic,3.39,"Vadapalani, Chennai"
2018,Maruti Celerio VXI AMT BSIV,"39,521",Petrol,Automatic,4.59,"Thygaraya Nagar, Chennai"
2021,Maruti S-Presso VXI 2019-2022,"72,361",Petrol,Manual,3.75,"Vadapalani, Chennai"
2023,Renault KWID 1.0 RXT AMT,"26,189",Petrol,Automatic,5.53,"Ganapathipuram, Chennai"
2017,Hyundai i20 Asta 1.2,"31,000",Petrol,Manual,5.90,"Medavakkam, Chennai"
2022,Hyundai Grand i10 Nios AMT Sportz,"37,059",Petrol,Automatic,6.83,"Ganapathipuram, Chennai"
2015,Hyundai Grand i10 AT Asta,"63,935",Petrol,Automatic,4.75,"Chromepet, Chennai"
2016,Maruti Ciaz ZXi,"51,756",Petrol,Manual,5.61,"Thiruverkadu, Chennai"
2021,Nissan Magnite Turbo XV,"35,620",Petrol,Manual,7.59,"Vadapalani, Chennai"
2018,Maruti Swift AMT ZXI,"50,729",Petrol,Automatic,5.68,"Airport, Chennai"
2018,Hyundai i20 1.2 Spotz,"59,000",Petrol,Manual,5.85,"Kovilambakkam, Chennai"
2013,Maruti Alto 800 LXI,"34,211",Petrol,Manual,2.10,"Vadapalani, Chennai"
2021,Hyundai i20 Asta IVT DT,"40,403",Petrol,Automatic,7.80,"Vadapalani, Chennai"
2019,Hyundai Venue S Turbo BSIV,"32,000",Petrol,Manual,8,"Anna Nagar, Chennai"
2023,Hyundai Aura SX,"8,800",Petrol,Manual,7.90,"Medavakkam, Chennai"
2018,Hyundai Grand i10 1.2 Kappa Sportz Option AT,"42,605",Petrol,Automatic,4.83,"Ganapathipuram, Chennai"
2018,Hyundai EON Magna,"49,915",Petrol,Manual,3.47,"Vadapalani, Chennai"
2019,Hyundai i20 Sportz Plus BSIV,"35,381",Petrol,Manual,6.45,"Anna Nagar, Chennai"
2020,Kia Seltos HTK Plus D,"40,000",Diesel,Manual,12.95,"Anna Nagar, Chennai"
2020,Maruti Swift VXI,"58,304",Petrol,Manual,6,"Anna Nagar, Chennai"
2020,Jeep Compass 2.0 Limited Plus AT,"49,000",Diesel,Automatic,19,"Triplicane, Chennai"
2020,Hyundai i20 Asta Opt Turbo DCT,"30,000",Petrol,Automatic,8.60,"Thygaraya Nagar, Chennai"
2016,Ford Figo 1.2P Titanium MT,"88,695",Petrol,Manual,4.10,"Chromepet, Chennai"
2021,Toyota Innova Crysta 2.4 ZX 7 STR AT,"12,000",Diesel,Automatic,29,"Thygaraya Nagar, Chennai"
2009,Toyota Fortuner 3.0 Diesel,"1,64,000",Diesel,Manual,9.95,"Triplicane, Chennai"
2016,Maruti Celerio VXI AT Optional,"37,456",Petrol,Automatic,4.10,"Chromepet, Chennai"
2016,Land Rover Range Rover Evoque HSE,"69,000",Diesel,Automatic,23,"Kottivakkam, Chennai"
2017,Renault KWID 1.0 AMT RXT,"85,715",Petrol,Automatic,3.18,"Vadapalani, Chennai"
2022,Renault Triber RXT,"47,535",Petrol,Manual,6.18,"Thiruverkadu, Chennai"
2017,Hyundai i20 Sportz 1.2,"68,883",Petrol,Manual,5.60,"Vadapalani, Chennai"
2017,Maruti Celerio ZXI Optional AMT BSIV,"25,754",Petrol,Automatic,4.31,"Thiruverkadu, Chennai"
2013,Maruti Wagon R VXI BS IV,"25,654",Petrol,Manual,3.28,"Ganapathipuram, Chennai"
2020,Hyundai Venue SX Opt iMT,"40,172",Petrol,Manual,7.80,"Vadapalani, Chennai"
2022,Hyundai Venue SX,"63,531",Petrol,Manual,9.12,"Airport, Chennai"
2022,Maruti Wagon R ZXI 1.2,"25,033",Petrol,Manual,5.68,"Vadapalani, Chennai"
2018,Renault KWID 1.0 RXT Optional,"50,242",Petrol,Manual,3.22,"Thiruverkadu, Chennai"
2023,Toyota Innova Hycross VX 8STR Hybrid BSVI,"19,000",Petrol,Automatic,29.50,"Thygaraya Nagar, Chennai"
2019,Hyundai Venue SX Opt Turbo BSIV,"45,000",Petrol,Manual,7.50,"Kottivakkam, Chennai"
2022,Nissan Magnite Turbo CVT XV BSVI,"21,122",Petrol,Automatic,8.15,"Vadapalani, Chennai"
2019,Hyundai Venue S Turbo BSIV,"32,000",Petrol,Manual,8.25,"Medavakkam, Chennai"
2019,Maruti Ertiga VXI AT Petrol,"1,64,000",Petrol,Automatic,9.25,"Thygaraya Nagar, Chennai"
2022,Maruti Vitara Brezza ZXI,"12,480",Petrol,Manual,8.90,"Chromepet, Chennai"
2015,Honda Jazz 1.2 VX i VTEC,"85,113",Petrol,Manual,3.80,"Meenambakkam, Chennai"
2015,Hyundai Grand i10 Magna,"65,000",Petrol,Manual,4.10,"Kovilambakkam, Chennai"
2018,Tata Nexon XZ Plus (O) Diesel,"86,982",Diesel,Manual,6.57,"Airport, Chennai"
2019,Maruti Baleno Alpha Diesel,"1,11,994",Diesel,Manual,5.78,"Vadapalani, Chennai"
2017,Hyundai EON Era,"98,874",Petrol,Manual,2.75,"Vadapalani, Chennai"
2020,Tata Tigor 1.2 Revotron XM,"92,454",Petrol,Manual,4.24,"Vadapalani, Chennai"
2018,Maruti Baleno Alpha Diesel,"76,426",Diesel,Manual,6.49,"Vadapalani, Chennai"
2017,Honda Jazz 1.2 V AT i VTEC,"36,326",Petrol,Automatic,5.38,"Thiruverkadu, Chennai"
2016,Volvo S60 Cross Country D4 AWD,"53,000",Diesel,Automatic,23.50,"Kottivakkam, Chennai"
2019,Hyundai i20 Sportz Plus CVT BSIV,"33,718",Petrol,Automatic,6.13,"Ganapathipuram, Chennai"
2021,Renault KWID Climber 1.0 MT Opt,"34,446",Petrol,Manual,4.57,"Airport, Chennai"
2020,Maruti Baleno Delta,"40,001",Petrol,Manual,6.60,"Anna Nagar, Chennai"
2017,Hyundai Grand i10 1.2 Kappa Sportz BSIV,"76,267",Petrol,Manual,4.27,"Thiruverkadu, Chennai"
2023,Maruti Baleno Alpha BSVI,"14,428",Petrol,Manual,8.56,"Vadapalani, Chennai"
2022,Maruti Swift VXI BSVI,"23,000",Petrol,Manual,6.85,"Kovilambakkam, Chennai"
2016,Mercedes-Benz M-Class ML 250 CDI,"80,000",Diesel,Automatic,22.50,"Ashoknagar, Chennai"
2023,Mercedes-Benz GLS 400d 4MATIC,"15,000",Diesel,Automatic,1.20 Crore,"Medavakkam, Chennai"
2023,Maruti Jimny Alpha,"7,600",Petrol,Manual,13.50,"Triplicane, Chennai"
2018,Hyundai i20 Petrol CVT Asta,"76,369",Petrol,Automatic,5.79,"Thiruverkadu, Chennai"
2019,Tata Nexon 1.2 Revotron XZ Plus,"43,000",Petrol,Manual,6.85,"Anna Nagar, Chennai"
2022,Hyundai Aura SX,"25,642",Petrol,Manual,6.64,"Ganapathipuram, Chennai"
2017,Volkswagen Ameo 1.2 MPI Highline,"44,754",Petrol,Manual,4.46,"Ganapathipuram, Chennai"
2022,Tata Altroz XZA DCT BSVI,"13,334",Petrol,Automatic,7.45,"Ganapathipuram, Chennai"
2022,BMW 3 Series Gran Limousine 320Ld Luxury Line,"30,000",Diesel,Automatic,45,"Thygaraya Nagar, Chennai"
2012,Maruti Swift Dzire ZXi,"45,241",Petrol,Manual,4.39,"Vadapalani, Chennai"
2020,Renault KWID Climber 1.0 MT Opt,"41,942",Petrol,Manual,3.81,"Vadapalani, Chennai"
2018,Skoda Kodiaq 2.0 TDI Style,"1,18,002",Diesel,Automatic,22,"Kottivakkam, Chennai"
2017,Maruti Ignis 1.2 Zeta BSIV,"73,890",Petrol,Manual,4.20,"Ganapathipuram, Chennai"
2017,Maruti Wagon R AMT VXI,"41,035",Petrol,Automatic,3.78,"Ganapathipuram, Chennai"
2015,Honda Brio S MT,"63,000",Petrol,Manual,3.60,"Chromepet, Chennai"
2021,Hyundai Grand i10 1.2 Kappa Sportz BSIV,"44,793",Petrol,Manual,6.11,"Vadapalani, Chennai"
2020,Maruti Ignis 1.2 AMT Alpha BSIV,"77,157",Petrol,Automatic,5.40,"Ganapathipuram, Chennai"
2021,Maruti Ciaz Sigma BSVI,"48,701",Petrol,Manual,6.97,"Vadapalani, Chennai"
2016,Hyundai Grand i10 Asta Option AT,"33,014",Petrol,Automatic,4.34,"Vadapalani, Chennai"
2011,Jaguar XF Aero Sport Edition,"38,000",Diesel,Automatic,12.50,"Ashoknagar, Chennai"
2021,Skoda Rapid 1.0 TSI Style,"34,339",Petrol,Manual,8.65,"Thiruverkadu, Chennai"
2022,Maruti Ignis Sigma BSVI,"33,926",Petrol,Manual,5,"Ganapathipuram, Chennai"
2019,Hyundai Venue SX Plus Turbo DCT BSIV,"74,740",Petrol,Automatic,7.25,"Chromepet, Chennai"
2020,Mercedes-Benz C-Class Progressive C 200,"41,000",Petrol,Automatic,33,"Thygaraya Nagar, Chennai"
2020,Honda City V MT,"37,000",Petrol,Manual,7.25,"Velacheri, Chennai"
2012,Maruti Swift AMT ZXI,"1,22,346",Petrol,Automatic,3.85,"Vadapalani, Chennai"
2020,Mercedes-Benz C-Class Prime C 200,"53,000",Petrol,Automatic,35,"Kottivakkam, Chennai"
2018,Maruti Celerio X VXI BSIV,"53,000",Petrol,Manual,3.90,"Medavakkam, Chennai"
2018,Renault KWID Climber 1.0 MT,"68,643",Petrol,Manual,3.92,"Vadapalani, Chennai"
2017,Maruti Celerio ZXI,"81,031",Petrol,Manual,4.09,"Vadapalani, Chennai"
2021,Tata Harrier XZ Plus BSVI,"11,000",Diesel,Manual,16.20,"Anna Nagar, Chennai"
2022,Hyundai Venue SX Turbo Executive,"68,325",Diesel,Manual,9.24,"Ganapathipuram, Chennai"
2022,Renault KWID CLIMBER BSVI,"32,655",Petrol,Manual,5.07,"Thiruverkadu, Chennai"
2020,Honda City V CVT,"50,155",Petrol,Automatic,10.35,"Meenambakkam, Chennai"
2018,Hyundai Grand i10 1.2 Kappa Sportz BSIV,"61,190",Petrol,Manual,5.53,"Vadapalani, Chennai"
2021,MG Hector Hybrid Sharp MT,"42,000",Petrol,Manual,13.90,"Anna Nagar West Extension, Chennai"
2016,Ford Aspire 1.2 Ti-VCT Titanium,"77,728",Petrol,Manual,3.60,"Vadapalani, Chennai"
2022,Jeep Compass 2.0 Model S Opt,"12,000",Diesel,Manual,22.50,"Thygaraya Nagar, Chennai"
2018,Hyundai Santro Magna Corp Edition,"32,612",Petrol,Manual,4.56,"Vadapalani, Chennai"
2018,Hyundai Verna VTVT 1.6 SX,"62,763",Petrol,Manual,7.11,"Ganapathipuram, Chennai"
2022,Skoda Kushaq 1.0 TSI Ambition BSVI,"24,841",Petrol,Manual,10.93,"Vadapalani, Chennai"
2017,Hyundai i20 Asta 1.2,"77,624",Petrol,Manual,5.55,"Vadapalani, Chennai"
2018,Maruti Vitara Brezza VDi,"65,909",Diesel,Manual,8.50,"Koyambedu, Chennai"
2015,Honda Amaze VX i-VTEC,"52,485",Petrol,Manual,4.23,"Vadapalani, Chennai"
2016,Maruti Wagon R Stingray VXI,"31,690",Petrol,Manual,3.98,"Airport, Chennai"
2018,Renault KWID 1.0 RXT Opt,"7,586",Petrol,Manual,3.80,"Vadapalani, Chennai"
2022,BMW X5 xDrive 40i M Sport,"16,500",Petrol,Automatic,84,"Thygaraya Nagar, Chennai"
2019,Maruti Wagon R ZXI 1.2,"47,007",Petrol,Manual,5,"Anna Nagar, Chennai"
2016,Hyundai Grand i10 Asta Option AT,"15,368",Petrol,Automatic,4.58,"Thiruverkadu, Chennai"
2021,Maruti S-Presso VXI 2019-2022,"43,309",Petrol,Manual,4.30,"Chromepet, Chennai"
2023,Toyota Innova Hycross VX(O) 7STR Hybrid,"16,000",Petrol,Automatic,31.50,"Thygaraya Nagar, Chennai"
2022,Maruti S-Presso VXI Opt CNG,"48,406",CNG,Manual,4.64,"Ganapathipuram, Chennai"
2018,Tata Tiago 1.2 Revotron XT,"53,593",Petrol,Manual,3.94,"Vadapalani, Chennai"
2019,Hyundai Grand i10 1.2 Kappa Sportz BSIV,"90,158",Petrol,Manual,4.87,"Vadapalani, Chennai"
2016,Land Rover Range Rover Sport Autobiography,"45,000",Petrol,Automatic,83,"Kottivakkam, Chennai"
2019,Maruti Celerio VXI,"97,733",Petrol,Manual,3.89,"Vadapalani, Chennai"
2019,Renault Duster RXZ 110PS AMT BSIV,"60,000",Diesel,Automatic,9.70,"Anna Nagar, Chennai"
2016,Honda Jazz 1.2 V AT i VTEC,"77,929",Petrol,Automatic,4.79,"Thiruverkadu, Chennai"
2022,Kia Sonet GTX Plus Diesel BSVI,"40,000",Diesel,Manual,11,"Ashoknagar, Chennai"
2016,Maruti Wagon R AMT VXI Option,"54,000",Petrol,Automatic,4.25,"Kovilambakkam, Chennai"
2018,Honda City VX MT,"28,036",Petrol,Manual,8.68,"Vadapalani, Chennai"
2017,Hyundai Grand i10 1.2 Kappa Sportz BSIV,"1,05,299",Petrol,Manual,4.71,"Vadapalani, Chennai"
2019,Volkswagen Polo 1.0 MPI Comfortline,"47,092",Petrol,Manual,5.10,"Vadapalani, Chennai"
2014,Hyundai Grand i10 Sportz,"60,498",Petrol,Manual,3.31,"Ganapathipuram, Chennai"
2023,Toyota Fortuner 4X2 Diesel,"57,000",Diesel,Manual,38,"Ashoknagar, Chennai"
2014,Skoda Rapid 1.6 TDI Elegance,"1,10,000",Diesel,Manual,4.75,"Kovilambakkam, Chennai"
2021,Volkswagen Polo 1.0 MPI Trendline,"26,237",Petrol,Manual,5.39,"Ganapathipuram, Chennai"
2018,Renault KWID Climber 1.0 MT,"72,383",Petrol,Manual,3.89,"Vadapalani, Chennai"
2016,Maruti Swift Dzire VXI,"74,570",Petrol,Manual,4.89,"Ganapathipuram, Chennai"
2021,Mahindra Thar LX 4WD Convert Top AT BSVI,"40,000",Petrol,Automatic,14.50,"Anna Nagar West Extension, Chennai"
2018,Maruti Baleno 1.2 CVT Delta,"73,375",Petrol,Automatic,5.06,"Thiruverkadu, Chennai"
2018,Maruti Baleno 1.2 Zeta,"94,128",Petrol,Manual,5.39,"Thiruverkadu, Chennai"
2018,Jeep Compass 2.0 Limited,"94,000",Diesel,Manual,10,"Ashoknagar, Chennai"
2019,Maruti Ciaz Petrol,"31,969",Diesel,Manual,8.69,"Vadapalani, Chennai"
2014,Hyundai i20 Asta 1.2,"46,412",Petrol,Manual,4.98,"Vadapalani, Chennai"
2018,Maruti Wagon R VXI BS IV,"78,441",Petrol,Manual,3.79,"Thiruverkadu, Chennai"
2015,Maruti Swift Dzire VXI,"98,719",Petrol,Manual,4.12,"Thiruverkadu, Chennai"
2012,BMW 3 Series 320d Prestige,"54,000",Diesel,Automatic,13.50,"Thygaraya Nagar, Chennai"
2019,Hyundai Verna VTVT 1.6 AT SX Option,"22,000",Petrol,Automatic,9.75,"Thygaraya Nagar, Chennai"
2022,Tata Nexon XZ Plus BSVI,"45,000",Petrol,Manual,11.25,"Anna Nagar, Chennai"
2017,Hyundai Verna 1.4 VTVT,"92,242",Petrol,Manual,5.70,"Porur, Chennai"
2020,Renault Triber RXZ,"51,619",Petrol,Manual,6.30,"Ganapathipuram, Chennai"
2018,BMW X3 xDrive 20d Luxury Line,"1,01,300",Diesel,Automatic,24.90,"Anna Nagar West Extension, Chennai"
2022,Hyundai Alcazar Signature (O) 7-Seater Diesel AT,"30,000",Diesel,Automatic,18.75,"Thygaraya Nagar, Chennai"
2022,Tata Punch Creative IRA,"2,394",Petrol,Manual,7.91,"Airport, Chennai"
2021,Volkswagen Taigun 1.0 TSI Highline BSVI,"10,000",Petrol,Manual,10,"Triplicane, Chennai"
2018,Renault KWID RXL,"57,444",Petrol,Manual,3.26,"Airport, Chennai"
2016,Hyundai Grand i10 1.2 CRDi Asta,"60,449",Diesel,Manual,4.68,"Vadapalani, Chennai"
2021,Volkswagen Taigun 1.0 TSI Highline BSVI,"23,922",Petrol,Manual,9.54,"Thiruverkadu, Chennai"
2022,Renault Triber RXZ EASY-R AMT BSVI,"26,436",Petrol,Automatic,6.91,"Vadapalani, Chennai"
2014,Honda City V MT,"55,000",Petrol,Manual,5.26,"Airport, Chennai"
2020,Hyundai Creta 1.6 SX,"37,000",Petrol,Manual,12.75,"Thygaraya Nagar, Chennai"
2020,Hyundai Venue SX Turbo BSIV,"54,877",Petrol,Manual,7.15,"Thiruverkadu, Chennai"
2021,Maruti Baleno Zeta,"56,392",Petrol,Manual,5.91,"Thiruverkadu, Chennai"
2019,Hyundai Santro Magna AMT BSIV,"38,227",Petrol,Automatic,4.16,"Ganapathipuram, Chennai"
2023,Hyundai Verna SX IVT Opt,"17,000",Petrol,Automatic,15.85,"Anna Nagar, Chennai"
2018,Maruti Wagon R VXI Plus Optional,"40,000",Petrol,Manual,4.85,"Koyambedu, Chennai"
2016,Hyundai Creta 1.6 VTVT E Plus,"88,000",Petrol,Manual,7.25,"Kovilambakkam, Chennai"
2016,Mercedes-Benz S-Class S 350 d,"33,000",Diesel,Automatic,52,"Kottivakkam, Chennai"
2020,Maruti Baleno Zeta,"40,170",Petrol,Manual,6.12,"Ganapathipuram, Chennai"
2014,Hyundai i20 Asta 1.2,"79,000",Petrol,Manual,3.50,"Kovilambakkam, Chennai"
2017,Maruti Baleno 1.2 Zeta,"80,000",Petrol,Manual,5.80,"Velacheri, Chennai"
2016,Ford Ecosport 1.5 Diesel Titanium Plus,"1,10,000",Diesel,Manual,5.25,"Thygaraya Nagar, Chennai"
2018,Hyundai Creta 1.6 VTVT E,"55,969",Petrol,Manual,7.30,"Anna Nagar, Chennai"
2019,Hyundai Grand i10 1.2 Kappa Sportz Option AT,"74,366",Petrol,Automatic,4.86,"Thiruverkadu, Chennai"
2015,Volkswagen Vento 1.2 TSI Highline AT,"60,000",Petrol,Automatic,6,"Anna Nagar, Chennai"
2018,Maruti Celerio VXI,"62,378",Petrol,Manual,4.12,"Vadapalani, Chennai"
2019,Hyundai Verna VTVT 1.6 AT SX Option,"19,000",Petrol,Automatic,9.50,"Thygaraya Nagar, Chennai"
2015,Honda Amaze S Petrol,"96,616",Petrol,Manual,4.10,"Meenambakkam, Chennai"
2017,Hyundai i20 Active 1.2 SX,"78,043",Petrol,Manual,5.95,"Vadapalani, Chennai"
2020,Kia Sonet GTX Plus Turbo DCT DT,"65,655",Petrol,Automatic,9.71,"Vadapalani, Chennai"
2019,Hyundai Venue SX Opt Diesel BSIV,"65,565",Diesel,Manual,8.35,"Thiruverkadu, Chennai"
2019,Hyundai Creta 1.6 SX Automatic,"86,101",Petrol,Automatic,9.05,"Thiruverkadu, Chennai"
2019,Maruti Baleno Alpha,"63,388",Petrol,Manual,6.70,"Anna Nagar, Chennai"
2020,BMW 5 Series 520d Luxury Line,"59,000",Diesel,Automatic,45,"Thygaraya Nagar, Chennai"
2016,Maruti Swift Dzire ZDI,"1,21,510",Diesel,Manual,5.94,"Vadapalani, Chennai"
2017,Hyundai Creta SX,"88,587",Petrol,Manual,7.77,"Vadapalani, Chennai"
2021,Hyundai i20 Sportz Turbo iMT,"42,677",Petrol,Manual,6.58,"Ganapathipuram, Chennai"
2018,Hyundai Grand i10 1.2 Kappa Magna AT,"73,837",Petrol,Automatic,4.62,"Vadapalani, Chennai"
2018,Mahindra KUV 100 mFALCON G80 K8 Dual Tone,"32,910",Petrol,Manual,4.90,"Vadapalani, Chennai"
2022,Maruti Swift AMT ZXI,"25,157",Petrol,Automatic,7.58,"Vadapalani, Chennai"
2014,Hyundai i20 1.2 Asta Dual Tone,"93,490",Petrol,Manual,4.02,"Airport, Chennai"
2016,Maruti Baleno 1.2 Zeta,"70,884",Petrol,Manual,4.85,"Vadapalani, Chennai"
2017,Jeep Compass 2.0 Sport,"70,000",Diesel,Manual,12,"Kottivakkam, Chennai"
2020,Honda City SV,"30,687",Petrol,Manual,11.75,"Anna Nagar, Chennai"
2020,Honda City V MT,"42,972",Petrol,Manual,9.20,"Anna Nagar, Chennai"
2013,Mercedes-Benz S-Class S 300,"28,000",Petrol,Automatic,28,"Kottivakkam, Chennai"
2017,Maruti Baleno 1.2 Alpha,"74,000",Petrol,Manual,6.25,"Kovilambakkam, Chennai"
2020,Honda City ZX MT,"30,400",Petrol,Manual,12.31,"Airport, Chennai"
2021,Hyundai Santro Sportz,"59,870",Petrol,Manual,4.25,"Vadapalani, Chennai"
2022,Maruti S-Presso VXi Plus BSVI,"30,000",Petrol,Manual,4.75,"Medavakkam, Chennai"
2018,Ford Ecosport 1.5 Petrol Titanium Plus AT BSIV,"82,000",Petrol,Automatic,6.90,"Anna Nagar West Extension, Chennai"
2017,Honda City i VTEC CVT VX,"98,302",Petrol,Automatic,6.45,"Thiruverkadu, Chennai"
2018,Maruti S Cross Zeta DDiS 200 SH,"1,01,000",Diesel,Manual,7.45,"Koyambedu, Chennai"
2021,Mercedes-Benz GLS 400d 4MATIC BSVI,"52,000",Diesel,Automatic,1.13 Crore,"Thygaraya Nagar, Chennai"
2016,Ford Fiesta Diesel Style,"1,28,173",Diesel,Manual,5.22,"Vadapalani, Chennai"
2017,Maruti Baleno 1.2 Alpha,"89,729",Petrol,Manual,4.99,"Thiruverkadu, Chennai"
2013,Nissan Micra XV CVT,"48,251",Petrol,Automatic,3.49,"Thygaraya Nagar, Chennai"
2018,Hyundai i20 Asta Option 1.2,"52,292",Petrol,Manual,6.10,"Meenambakkam, Chennai"
2017,Honda Brio 1.2 S MT,"66,299",Petrol,Manual,4.15,"Chromepet, Chennai"
2015,Honda Jazz 1.2 V i VTEC,"1,32,000",Petrol,Manual,3.90,"Koyambedu, Chennai"
2016,Maruti Vitara Brezza ZDi Plus Dual Tone,"90,966",Diesel,Manual,6.38,"Vadapalani, Chennai"
2015,Honda Amaze SX i VTEC,"77,060",Petrol,Manual,4.50,"Anna Nagar, Chennai"
2014,Hyundai Grand i10 1.2 Kappa Asta,"70,000",Petrol,Manual,3.98,"Vadapalani, Chennai"
2019,Hyundai i20 Sportz Plus Dual Tone BSIV,"48,830",Petrol,Manual,6.45,"Vadapalani, Chennai"
2016,Maruti Ciaz AT ZXi,"95,934",Petrol,Automatic,4.80,"Ganapathipuram, Chennai"
2014,Maruti Swift ZDi,"1,25,876",Diesel,Manual,4.80,"Meenambakkam, Chennai"
2019,Honda City i-VTEC V,"68,535",Petrol,Manual,6.99,"Ganapathipuram, Chennai"
2018,Maruti Baleno Zeta Diesel,"63,613",Diesel,Manual,5.95,"Airport, Chennai"
2017,Hyundai Tucson 2.0 Dual VTVT 2WD AT GL,"87,000",Petrol,Automatic,13,"Kottivakkam, Chennai"
2018,Renault Duster 85PS Diesel RxS,"84,000",Diesel,Manual,6.99,"Thygaraya Nagar, Chennai"
2012,Maruti Wagon R VXI BS IV,"86,915",Petrol,Manual,2.89,"Thygaraya Nagar, Chennai"
2019,Honda City i-VTEC ZX,"59,870",Petrol,Manual,7.84,"Thiruverkadu, Chennai"
2019,Honda City i-VTEC CVT ZX,"53,120",Petrol,Automatic,8.52,"Ganapathipuram, Chennai"
2013,Audi Q7 3.0 TDI quattro,"1,35,000",Diesel,Automatic,18,"Kottivakkam, Chennai"
2018,Maruti Swift AMT ZXI Plus,"79,859",Petrol,Automatic,6.12,"Vadapalani, Chennai"
2011,BMW X5 xDrive 30d,"1,70,000",Diesel,Automatic,13.50,"Ashoknagar, Chennai"
2014,Renault Duster 85PS Diesel RxE,"86,000",Diesel,Manual,4.90,"Medavakkam, Chennai"
2016,Maruti Wagon R VXI,"78,000",Petrol,Manual,3.75,"Koyambedu, Chennai"
2016,BMW X5 xDrive 30d Expedition,"49,000",Diesel,Automatic,36,"Kottivakkam, Chennai"
2013,Nissan Micra XV,"66,084",Petrol,Manual,3.45,"Vadapalani, Chennai"
2021,Hyundai Creta E Diesel BSVI,"82,000",Diesel,Manual,11.60,"Anna Nagar West Extension, Chennai"
2019,Honda City V MT AVN,"72,465",Petrol,Manual,8.20,"Meenambakkam, Chennai"
2017,Honda Jazz 1.2 V i VTEC,"1,12,000",Petrol,Manual,4.80,"Triplicane, Chennai"
2016,Honda Amaze S Petrol,"67,924",Petrol,Manual,4.60,"Meenambakkam, Chennai"
2020,Maruti Baleno Zeta,"20,027",Petrol,Manual,8.50,"MEENAMBAKKAM, Chennai"
2016,Volvo V40 D3,"67,000",Diesel,Automatic,13,"Ashoknagar, Chennai"
2014,Mercedes-Benz E-Class E250 CDI,"70,000",Diesel,Automatic,22.50,"Kottivakkam, Chennai"
2016,Ford Endeavour Titanium Plus 4X4,"2,20,000",Diesel,Automatic,17.50,"Ashoknagar, Chennai"
2016,Maruti Celerio ZXI,"39,273",Petrol,Manual,4.30,"Anna Nagar, Chennai"
2019,Honda City i-VTEC CVT ZX,"55,529",Petrol,Automatic,8.21,"Thiruverkadu, Chennai"
2018,Volkswagen Polo 1.2 MPI Highline Plus,"1,15,588",Petrol,Manual,5.90,"Meenambakkam, Chennai"
2017,Ford Ecosport 1.5 Ti VCT MT Titanium BSIV,"74,286",Petrol,Manual,4.89,"Thiruverkadu, Chennai"
2018,Honda City i-VTEC CVT V,"72,746",Petrol,Automatic,6.57,"Thiruverkadu, Chennai"
2018,Maruti Baleno 1.2 CVT Alpha,"80,834",Petrol,Automatic,5.98,"Thiruverkadu, Chennai"
2020,Jaguar F-Pace Prestige 2.0 AWD,"17,000",Diesel,Automatic,55,"Thygaraya Nagar, Chennai"
2018,Maruti Swift Dzire VXi AT,"69,598",Petrol,Automatic,6.15,"MEENAMBAKKAM, Chennai"
2020,BMW X5 xDrive 30d xLine,"43,000",Diesel,Automatic,79,"Thygaraya Nagar, Chennai"
2020,Kia Sonet GTX Plus Diesel BSVI,"38,492",Diesel,Manual,11.15,"Thiruverkadu, Chennai"
2014,Mercedes-Benz GLA Class 200 CDI 4MATIC,"85,000",Diesel,Automatic,15.50,"Ashoknagar, Chennai"
2019,Mahindra XUV500 W11 BSIV,"85,000",Diesel,Manual,14.75,"Anna Nagar West Extension, Chennai"
2018,Volkswagen Polo 1.0 MPI Comfortline,"93,319",Petrol,Manual,4.97,"Thiruverkadu, Chennai"
2019,BMW 5 Series 530d M Sport,"45,000",Diesel,Automatic,45,"Thygaraya Nagar, Chennai"
2016,BMW 3 Series GT Sport,"63,000",Diesel,Automatic,23.50,"Thygaraya Nagar, Chennai"
2015,Honda Amaze S Diesel,"69,218",Diesel,Manual,5.10,"Meenambakkam, Chennai"
2021,Hyundai i20 Sportz IVT DT,"45,612",Petrol,Automatic,7.09,"Ganapathipuram, Chennai"
2018,Honda Amaze VX i-VTEC,"70,000",Petrol,Manual,6.75,"Medavakkam, Chennai"
2019,Mercedes-Benz C-Class Progressive C 220d,"20,000",Diesel,Automatic,32,"Thygaraya Nagar, Chennai"
2013,Mercedes-Benz S-Class S 300,"28,000",Petrol,Automatic,28,"Kottivakkam, Chennai"
2009,Mercedes-Benz S-Class 320 CDI,"56,000",Diesel,Automatic,12.50,"Kottivakkam, Chennai"
2016,Audi Q3 35 TDI Quattro Technology,"55,000",Diesel,Automatic,19.50,"Thygaraya Nagar, Chennai"
2015,Honda City i DTEC SV,"89,400",Diesel,Manual,5.60,"Chromepet, Chennai"
2018,Hyundai Grand i10 1.2 CRDi Magna,"64,000",Diesel,Manual,4.90,"Kovilambakkam, Chennai"
2022,Honda Amaze S Diesel,"92,162",Diesel,Manual,7.50,"Meenambakkam, Chennai"
2018,Jaguar F-Pace Pure 2.0 AWD,"71,000",Diesel,Automatic,35,"Ashoknagar, Chennai"
2017,Mercedes-Benz E-Class E 350d,"98,000",Diesel,Automatic,30,"Kottivakkam, Chennai"
2017,Mercedes-Benz GLA 4MATIC,"85,000",Petrol,Automatic,20.50,"Ashoknagar, Chennai"
2015,Toyota Corolla Altis 1.8 VL AT,"85,000",Petrol,Automatic,8.25,"Thygaraya Nagar, Chennai"
2011,BMW 5 Series 525d Sedan,"1,30,000",Diesel,Automatic,11.50,"Ashoknagar, Chennai"
2019,Hyundai Verna VTVT 1.6 AT SX Plus,"70,231",Petrol,Automatic,7.43,"Ganapathipuram, Chennai"
2016,Honda Jazz 1.2 SV i VTEC,"93,449",Petrol,Manual,5.20,"MEENAMBAKKAM, Chennai"
2014,Honda Amaze SX i VTEC,"60,983",Petrol,Manual,4.25,"MEENAMBAKKAM, Chennai"
2017,Jaguar XF 2.0 Diesel Portfolio,"32,000",Diesel,Automatic,35,"Ashoknagar, Chennai"
2018,Mini Cooper Countryman Cooper S JCW Inspired,"35,000",Petrol,Automatic,36,"Thygaraya Nagar, Chennai"
2017,Mercedes-Benz E-Class E 350d,"99,000",Diesel,Automatic,27,"Kottivakkam, Chennai"
2019,Mercedes-Benz GLS 350d 4MATIC,"85,000",Diesel,Automatic,66,"Thygaraya Nagar, Chennai"
2017,Mercedes-Benz GLC 220d 4MATIC Sport,"65,000",Diesel,Automatic,33.75,"Thygaraya Nagar, Chennai"
2014,Hyundai Santa Fe 2WD AT,"1,85,000",Diesel,Automatic,12.50,"Kottivakkam, Chennai"
2018,Mercedes-Benz GLC 220d Celebration Edition,"45,000",Diesel,Automatic,37.50,"Thygaraya Nagar, Chennai"
2017,BMW X6 xDrive 40d M Sport,"85,000",Diesel,Automatic,55,"Medavakkam, Chennai"
2016,Volkswagen Vento 1.5 TDI Comfortline,"90,000",Diesel,Manual,5.75,"Anna Nagar West Extension, Chennai"
2013,Volvo XC 90 D5 AT AWD,"2,00,000",Diesel,Automatic,12,"Ashoknagar, Chennai"
2015,Mercedes-Benz M-Class ML 350 4Matic,"70,000",Diesel,Automatic,30,"Thygaraya Nagar, Chennai"
2011,Audi Q7 3.0 TDI Quattro Premium Plus,"1,10,000",Diesel,Automatic,11.50,"Ashoknagar, Chennai"
2015,BMW 7 Series 730Ld,"38,000",Diesel,Automatic,27,"Ashoknagar, Chennai"
2018,Maruti Celerio ZXI AMT BSIV,"29,000",Petrol,Automatic,4.75,"Kovilambakkam, Chennai"
2015,Maruti Celerio VXI,"37,400",Petrol,Manual,3.75,"Thygaraya Nagar, Chennai"
2018,Maruti Swift LXI,"34,471",Petrol,Manual,5.25,"Chromepet, Chennai"
2021,Mercedes-Benz E-Class Exclusive E 220d BSVI,"54,000",Diesel,Automatic,52,"Kottivakkam, Chennai"
2023,Hyundai Venue SX,"17,000",Petrol,Manual,10.50,"Anna Nagar, Chennai"
2015,Maruti Ertiga ZXI,"66,952",Petrol,Manual,6.50,"Chromepet, Chennai"
2020,Maruti Dzire VXI,"34,752",Petrol,Manual,5.98,"Vadapalani, Chennai"
2016,Renault KWID RXT,"81,490",Petrol,Manual,2.98,"Vadapalani, Chennai"
2019,Hyundai i20 Active S Petrol,"68,001",Petrol,Manual,5.36,"Ganapathipuram, Chennai"
2021,Maruti Swift VXI AMT,"75,274",Petrol,Automatic,5.74,"Thiruverkadu, Chennai"
2017,BMW 3 Series Petrol,"50,619",Petrol,Automatic,6.09,"Airport, Chennai"
2022,Renault KWID 1.0 RXT BSVI,"12,590",Petrol,Manual,4.35,"Thiruverkadu, Chennai"
2022,Mercedes-Benz GLA AMG 35 4M,"9,000",Petrol,Automatic,49.50,"Thygaraya Nagar, Chennai"
2021,Skoda Kushaq 1.0 TSI Style BSVI,"17,000",Petrol,Manual,12.75,"Medavakkam, Chennai"
2016,Maruti Baleno 1.2 Zeta,"49,000",Petrol,Manual,5.55,"Anna Nagar, Chennai"
2018,Datsun RediGO T Option,"52,701",Petrol,Manual,2.33,"Thiruverkadu, Chennai"
2019,Maruti Ertiga ZXI Plus,"55,000",Petrol,Manual,9.75,"Koyambedu, Chennai"
2022,Maruti Wagon R LXI CNG BSVI,"71,688",CNG,Manual,4.65,"Vadapalani, Chennai"
2012,Land Rover Range Rover Evoque 2.2L Pure,"90,475",Diesel,Automatic,13.75,"Triplicane, Chennai"
2018,Hyundai Verna VTVT 1.6 SX,"84,585",Petrol,Manual,6.45,"Thiruverkadu, Chennai"
2023,Hyundai Creta SX Opt Diesel,"28,000",Diesel,Manual,17.90,"Medavakkam, Chennai"
2016,Maruti Swift ZXI BSIV,"45,000",Petrol,Manual,5.05,"Anna Nagar, Chennai"
2020,Hyundai Venue SX Plus Turbo DCT,"28,251",Petrol,Automatic,9.37,"Vadapalani, Chennai"
2014,Honda City i VTEC CVT SV,"80,208",Petrol,Automatic,5.60,"Chromepet, Chennai"
2022,Renault KWID 1.0 RXT AMT BSVI,"23,241",Petrol,Automatic,4.81,"Thiruverkadu, Chennai"
2020,Hyundai Venue SX Plus Turbo DCT DT,"45,000",Petrol,Automatic,8.75,"Kovilambakkam, Chennai"
2013,Toyota Innova 2.5 G (Diesel) 7 Seater BS IV,"1,15,000",Diesel,Manual,11.25,"Kovilambakkam, Chennai"
2020,Honda Amaze S Petrol,"43,607",Petrol,Manual,6.60,"Meenambakkam, Chennai"
2022,Hyundai Creta SX Diesel,"23,000",Diesel,Manual,15.30,"Thygaraya Nagar, Chennai"
2016,Land Rover Discovery Sport Si4 HSE,"50,000",Petrol,Automatic,24.50,"Kottivakkam, Chennai"
2016,Honda Jazz 1.2 V AT i VTEC,"63,406",Petrol,Automatic,4.83,"Thiruverkadu, Chennai"
2015,Hyundai i10 Sportz 1.1L,"40,092",Petrol,Manual,3.32,"Vadapalani, Chennai"
2019,Tata Tiago XZ Plus,"63,374",Petrol,Manual,4.68,"Ganapathipuram, Chennai"
2012,Ford Figo Diesel ZXI,"67,000",Diesel,Manual,2.45,"Triplicane, Chennai"
2013,Land Rover Range Rover Evoque 2.2L Dynamic,"80,000",Diesel,Automatic,15.50,"Ashoknagar, Chennai"
2018,Datsun RediGO T Option,"41,265",Petrol,Manual,2.95,"Chromepet, Chennai"
2022,Hyundai Santro Magna Corp Edition,"17,524",Petrol,Manual,5.18,"Vadapalani, Chennai"
2018,Hyundai i20 Asta 1.2,"19,503",Petrol,Manual,6.68,"Vadapalani, Chennai"
2019,Hyundai Creta 1.6 SX Automatic,"68,406",Petrol,Automatic,9.57,"Thiruverkadu, Chennai"
2019,Hyundai Creta 1.6 SX Automatic,"45,000",Petrol,Automatic,10,"Thygaraya Nagar, Chennai"
2013,Audi A4 New 2.0 TDI Multitronic,"88,297",Diesel,Automatic,8.20,"Chromepet, Chennai"
2022,Maruti Wagon R ZXI 1.2,"16,666",Petrol,Manual,5.97,"Airport, Chennai"
2021,Honda City V MT,"58,888",Petrol,Manual,8.11,"Thiruverkadu, Chennai"
2018,Renault KWID Climber 1.0 MT,"50,491",Petrol,Manual,4.08,"Vadapalani, Chennai"
2014,Hyundai i20 Sportz 1.2,"61,873",Petrol,Manual,3.92,"Vadapalani, Chennai"
2021,Renault KWID Climber 1.0 AMT Opt,"51,654",Petrol,Automatic,4.16,"Ganapathipuram, Chennai"
2019,Kia Seltos GTX DCT,"72,100",Petrol,Automatic,10.71,"Vadapalani, Chennai"
2016,Honda Amaze E i-Vtech,"70,000",Petrol,Manual,4.75,"Kovilambakkam, Chennai"
2018,BMW X1 sDrive20d Expedition,"26,001",Diesel,Automatic,25,"Kottivakkam, Chennai"
2022,Tata Nexon 1.2 Revotron XM,"43,206",Petrol,Manual,8.20,"Meenambakkam, Chennai"
2013,Maruti Alto 800 LXi,"27,858",Petrol,Manual,2.59,"Vadapalani, Chennai"
2024,Kia Carens Luxury Plus Diesel,"15,000",Diesel,Manual,20.90,"Anna Nagar West Extension, Chennai"
2019,Kia Seltos GTX,"50,567",Petrol,Manual,10.78,"Ganapathipuram, Chennai"
2022,Renault KWID 1.0 RXT Opt,"24,609",Petrol,Manual,4.32,"Vadapalani, Chennai"
2017,Maruti Celerio ZXI AT Optional,"72,531",Petrol,Automatic,4.10,"Chromepet, Chennai"
2021,Honda Jazz ZX CVT,"22,433",Petrol,Automatic,7.93,"Vadapalani, Chennai"
2021,Renault Triber RXZ,"32,803",Petrol,Manual,6.10,"Ganapathipuram, Chennai"
2018,Maruti Swift VXI,"69,734",Petrol,Manual,5.25,"Meenambakkam, Chennai"
2021,Hyundai i20 Asta IVT,"20,000",Petrol,Automatic,8.60,"Thygaraya Nagar, Chennai"
2021,Hyundai i20 Asta Turbo DCT DT,"34,801",Petrol,Automatic,7.59,"Vadapalani, Chennai"
2016,Hyundai Grand i10 Asta Option AT,"45,445",Petrol,Automatic,4.49,"Thygaraya Nagar, Chennai"
2020,Renault KWID 1.0 RXT Opt BSIV,"32,000",Petrol,Manual,4.40,"Medavakkam, Chennai"
2012,Hyundai i20 Sportz Petrol,"62,850",Petrol,Manual,2.88,"Vadapalani, Chennai"
2012,Maruti Wagon R VXI 1.2,"40,076",Petrol,Manual,3.16,"Vadapalani, Chennai"
2017,Maruti Baleno RS,"62,381",Petrol,Manual,5.10,"Meenambakkam, Chennai"
2014,Honda City i VTEC CVT SV,"77,316",Petrol,Automatic,4.99,"Ganapathipuram, Chennai"
2019,Hyundai Creta 1.6 E Plus,"43,353",Petrol,Manual,8.05,"Ganapathipuram, Chennai"
2022,Mahindra Thar LX 4WD Hard Top BSVI,"5,808",Petrol,Manual,13.95,"Vadapalani, Chennai"
2021,Tata Tiago XZA AMT,"72,000",Petrol,Automatic,5.90,"Medavakkam, Chennai"
2016,Renault KWID 1.0 RXT,"38,295",Petrol,Manual,3.45,"Thygaraya Nagar, Chennai"
2018,Hyundai Creta 1.6 VTVT SX Plus,"34,165",Petrol,Manual,7.21,"Airport, Chennai"
2021,Maruti XL6 Zeta,"25,000",Petrol,Manual,10.65,"Kovilambakkam, Chennai"
2021,MG Hector Sharp AT BSIV,"40,000",Petrol,Automatic,14.95,"Anna Nagar, Chennai"
2022,Maruti Swift Dzire VXI,"45,000",Petrol,Manual,6.49,"Koyambedu, Chennai"
2021,Hyundai i20 Asta 1.2,"26,926",Petrol,Manual,8.23,"Vadapalani, Chennai"
2017,Volkswagen Ameo 1.2 MPI Trendline,"49,390",Petrol,Manual,4.20,"Thiruverkadu, Chennai"
2021,Jeep Compass 2.0 Model S Opt,"9,000",Diesel,Manual,21,"Thygaraya Nagar, Chennai"
2017,Hyundai i20 Asta 1.2,"66,146",Petrol,Manual,5.77,"Vadapalani, Chennai"
2021,Hyundai Venue SX Opt iMT,"9,150",Petrol,Manual,8.22,"Ganapathipuram, Chennai"
2018,Datsun RediGO AMT 1.0 T Option,"29,893",Petrol,Automatic,3.22,"Ganapathipuram, Chennai"
2021,Maruti Celerio VXI BSVI,"63,919",Petrol,Manual,4.38,"Ganapathipuram, Chennai"
2018,Maruti Alto 800 VXI,"42,141",Petrol,Manual,3.32,"Airport, Chennai"
2018,Renault KWID 1.0 RXT Opt,"59,017",Petrol,Manual,3.51,"Airport, Chennai"
2012,Chevrolet Beat Diesel LT,"72,000",Diesel,Manual,2.30,"Anna Nagar, Chennai"
2020,Ford Figo Petrol Titanium,"21,010",Petrol,Manual,5.68,"Vadapalani, Chennai"
2022,Hyundai i20 Sportz Diesel,"34,000",Diesel,Manual,8.55,"Thygaraya Nagar, Chennai"
2022,Tata Punch Creative Plus,"20,430",Petrol,Manual,8.25,"Airport, Chennai"
2016,Maruti Swift AMT ZXI,"68,983",Petrol,Automatic,4.68,"Vadapalani, Chennai"
2017,Honda WR-V i-VTEC S,"47,646",Petrol,Manual,5.35,"Porur, Chennai"
2022,Tata Punch Creative,"25,588",Petrol,Manual,7.65,"Vadapalani, Chennai"
2016,Maruti Alto 800 LXi,"43,769",Petrol,Manual,2.66,"Airport, Chennai"
2021,Maruti Swift LXI,"90,282",Petrol,Manual,5.47,"Thiruverkadu, Chennai"
2019,Maruti Celerio VXI MT BSIV,"58,000",Petrol,Manual,4.29,"Koyambedu, Chennai"
2017,Honda City ZX CVT,"41,000",Petrol,Automatic,8.25,"Thygaraya Nagar, Chennai"
2018,Renault KWID Climber 1.0 MT,"51,458",Petrol,Manual,3.73,"Airport, Chennai"
2020,Hyundai Venue SX Plus Turbo DCT BSIV,"73,257",Petrol,Automatic,7.68,"Thiruverkadu, Chennai"
2017,Maruti Swift ZXI,"58,230",Petrol,Manual,5.22,"Vadapalani, Chennai"
2020,Renault KWID Climber 1.0 AMT Opt,"56,303",Petrol,Automatic,3.99,"Ganapathipuram, Chennai"
2014,Honda Amaze VX AT i-Vtech,"86,283",Petrol,Automatic,4.30,"Chromepet, Chennai"
2021,Hyundai i20 Sportz Turbo iMT,"33,762",Petrol,Manual,6.82,"Thiruverkadu, Chennai"
2020,Maruti Wagon R ZXI AMT 1.2,"90,984",Petrol,Automatic,4.88,"Thiruverkadu, Chennai"
2019,Maruti Swift AMT ZXI Plus,"25,826",Petrol,Automatic,6.85,"Vadapalani, Chennai"
2017,Hyundai Grand i10 1.2 Kappa Asta,"67,931",Petrol,Manual,4.21,"Thiruverkadu, Chennai"
2023,Mahindra Bolero Neo N10 R BSVI,"33,000",Diesel,Manual,10.50,"Anna Nagar West Extension, Chennai"
2022,Maruti Ignis Zeta BSVI,"37,477",Petrol,Manual,5.32,"Vadapalani, Chennai"
2021,Renault KWID 1.0 RXT Opt,"38,347",Petrol,Manual,3.87,"Thiruverkadu, Chennai"
2020,Hyundai Creta 1.6 VTVT S,"25,000",Petrol,Manual,11.50,"Thygaraya Nagar, Chennai"
2022,MG Hector Sharp Diesel MT,"18,000",Diesel,Manual,16.50,"Thygaraya Nagar, Chennai"
2018,Hyundai Verna 1.6 VTVT SX,"24,640",Petrol,Manual,8.05,"Vadapalani, Chennai"
2022,Maruti Swift Dzire ZXI CNG BSVI,"80,660",CNG,Manual,6.79,"Vadapalani, Chennai"
2020,Hyundai Santro Magna Corp Edition,"58,449",Petrol,Manual,4.29,"Ganapathipuram, Chennai"
2015,Honda Amaze VX i-Vtech,"98,465",Petrol,Manual,4.10,"Ganapathipuram, Chennai"
2019,Maruti Swift VDI,"74,460",Diesel,Manual,5.78,"Vadapalani, Chennai"
2018,Honda Jazz 1.2 V i VTEC,"79,586",Petrol,Manual,4.97,"Ganapathipuram, Chennai"
2016,Hyundai Grand i10 1.2 Kappa Magna BSIV,"52,186",Petrol,Manual,4.07,"Vadapalani, Chennai"
2023,Hyundai Verna SX IVT,"11,000",Petrol,Automatic,14.50,"Anna Nagar West Extension, Chennai"
2019,Hyundai Verna VTVT 1.6 SX,"56,608",Petrol,Manual,7.61,"Vadapalani, Chennai"
2018,Hyundai Grand i10 1.2 Kappa Magna BSIV,"48,624",Petrol,Manual,4.32,"Vadapalani, Chennai"
2018,Hyundai i20 Asta 1.4 CRDi,"90,750",Diesel,Manual,5.98,"Vadapalani, Chennai"
2020,Maruti Alto 800 VXI BSVI,"93,690",Petrol,Manual,3.35,"Thiruverkadu, Chennai"
2017,Honda Jazz 1.2 VX i VTEC,"40,551",Petrol,Manual,4.55,"Thiruverkadu, Chennai"
2018,Hyundai i20 Active 1.2 S,"72,679",Petrol,Manual,5.13,"Thiruverkadu, Chennai"
2013,Toyota Etios Liva G,"70,066",Petrol,Manual,3.38,"Vadapalani, Chennai"
2021,Mercedes-Benz GLC Coupe 300 4MATIC,"33,000",Petrol,Automatic,61,"Thygaraya Nagar, Chennai"
2022,Hyundai Creta SX Diesel BSVI,"62,092",Diesel,Manual,15.35,"Vadapalani, Chennai"
2022,Kia Carnival Limousine Plus,"65,000",Diesel,Automatic,35,"Thygaraya Nagar, Chennai"
2021,Honda City V MT,"53,000",Petrol,Manual,9.50,"Kovilambakkam, Chennai"
2015,Maruti Alto K10 VXI AMT,"39,500",Petrol,Automatic,3.45,"Anna Nagar West Extension, Chennai"
2019,Hyundai Creta 1.6 SX Automatic,"62,000",Petrol,Automatic,9.99,"Anna Nagar West Extension, Chennai"
2014,Hyundai Santro GLS I - Euro I,"96,386",Petrol,Manual,2.60,"Meenambakkam, Chennai"
2013,Ford Figo Petrol EXI,"80,518",Petrol,Manual,2.15,"Vadapalani, Chennai"
2016,Hyundai Grand i10 1.2 Kappa Asta,"36,526",Petrol,Manual,4.26,"Vadapalani, Chennai"
2015,Hyundai i20 Asta Option 1.4 CRDi,"40,000",Diesel,Manual,6.20,"Anna Nagar, Chennai"
2021,Mahindra XUV500 W11 Option,"68,000",Diesel,Manual,16.90,"Medavakkam, Chennai"
2018,Hyundai Creta 1.4 E Plus CRDi,"54,000",Diesel,Manual,8.25,"Thygaraya Nagar, Chennai"
2017,BMW 5 Series 520d Luxury Line,"50,000",Diesel,Automatic,37,"Kottivakkam, Chennai"
2017,Maruti Baleno 1.2 CVT Alpha,"82,098",Petrol,Automatic,4.98,"Ganapathipuram, Chennai"
2016,Volkswagen Polo GT TSI,"59,000",Petrol,Automatic,6,"Thygaraya Nagar, Chennai"
2018,Jeep Compass 2.0 Limited,"59,000",Diesel,Manual,14.50,"Kottivakkam, Chennai"
2016,Maruti Ertiga BSIV ZXI Plus,"56,013",Petrol,Manual,8.03,"Thiruverkadu, Chennai"
2017,Honda WR-V i-VTEC VX,"76,867",Petrol,Manual,5.45,"Porur, Chennai"
2017,Honda City i-VTEC CVT V,"61,403",Petrol,Automatic,6.35,"Vadapalani, Chennai"
2013,Volkswagen Polo 1.5 TDI Highline,"1,18,127",Diesel,Manual,3.37,"Vadapalani, Chennai"
2019,Hyundai Verna VTVT 1.4 E,"69,000",Petrol,Manual,7.25,"Kovilambakkam, Chennai"
2017,Hyundai Grand i10 1.2 Kappa Asta,"29,994",Petrol,Manual,4.69,"Thiruverkadu, Chennai"
2011,Maruti Estilo LXI,"1,04,567",Petrol,Manual,2,"Vadapalani, Chennai"
2014,Honda Amaze VX i-VTEC,"89,665",Petrol,Manual,4.11,"Vadapalani, Chennai"
2017,Volkswagen Polo GT TSI,"71,289",Petrol,Automatic,6.68,"Vadapalani, Chennai"
2021,BMW X1 sDrive20d xLine,"46,000",Diesel,Automatic,33.75,"Thygaraya Nagar, Chennai"
2015,Maruti Swift VXI,"60,000",Petrol,Manual,4.80,"Koyambedu, Chennai"
2018,Maruti Swift Dzire ZXI Plus,"62,404",Petrol,Manual,6.55,"Meenambakkam, Chennai"
2018,Maruti Swift Dzire ZDI Plus,"95,034",Diesel,Manual,6.40,"Ganapathipuram, Chennai"
2014,Hyundai Grand i10 Sportz,"50,000",Petrol,Manual,3.90,"Medavakkam, Chennai"
2017,Hyundai Verna 1.6 VTVT SX,"59,035",Petrol,Manual,7.52,"Vadapalani, Chennai"
2021,Hyundai Creta SX Diesel AT BSVI,"70,000",Diesel,Automatic,15.50,"Ashoknagar, Chennai"
2020,Mercedes-Benz GLC 200,"52,000",Petrol,Automatic,37,"Thygaraya Nagar, Chennai"
2020,BMW X3 xDrive 20d xLine,"75,000",Diesel,Automatic,37.50,"Ashoknagar, Chennai"
2018,Hyundai i20 1.4 Magna Executive,"74,000",Diesel,Manual,5.99,"Kovilambakkam, Chennai"
2023,Hyundai Venue SX Opt Diesel BSVI,"42,000",Diesel,Manual,12.90,"Medavakkam, Chennai"
2018,Nissan Micra Active XV,"22,064",Petrol,Manual,3.35,"Ganapathipuram, Chennai"
2017,Honda Jazz 1.2 VX i VTEC,"71,701",Petrol,Manual,4.65,"Vadapalani, Chennai"
2014,Honda Brio S MT,"75,091",Petrol,Manual,3.20,"MEENAMBAKKAM, Chennai"
2017,Hyundai i20 Asta 1.4 CRDi,"88,940",Diesel,Manual,5.43,"Vadapalani, Chennai"
2017,Hyundai Grand i10 1.2 Kappa Sportz Option,"88,916",Petrol,Manual,4.05,"Ganapathipuram, Chennai"
2021,Skoda Rapid 1.0 TSI Ambition,"54,391",Petrol,Manual,6.98,"Vadapalani, Chennai"
2022,Skoda Slavia 1.5 TSI Style AT,"30,000",Petrol,Automatic,15.90,"Medavakkam, Chennai"
2017,Honda Brio 1.2 S MT,"59,618",Petrol,Manual,3.93,"Thiruverkadu, Chennai"
2022,Hyundai Santro Magna,"33,383",Petrol,Manual,4.59,"Ganapathipuram, Chennai"
2019,Maruti Vitara Brezza ZDi AMT,"90,000",Diesel,Automatic,8.50,"Ashoknagar, Chennai"
2019,Skoda Rapid 1.6 MPI Ambition BSIV,"74,027",Petrol,Manual,6.64,"Ganapathipuram, Chennai"
2018,BMW 3 Series 320d,"52,000",Diesel,Automatic,30,"Kottivakkam, Chennai"
2014,Renault Pulse Petrol RxL,"67,203",Petrol,Manual,2.29,"Vadapalani, Chennai"
2017,Maruti Swift VXI,"96,050",Petrol,Manual,4.51,"Ganapathipuram, Chennai"
2017,Honda City i DTec E,"70,456",Diesel,Manual,8.90,"Chromepet, Chennai"
2012,Mercedes-Benz E-Class 220 CDI,"80,000",Diesel,Automatic,13,"Kottivakkam, Chennai"
2021,Tata Altroz XZ Plus Dark Edition BSVI,"35,550",Petrol,Manual,6.91,"Vadapalani, Chennai"
2018,Maruti Swift VDI BSIV,"71,852",Diesel,Manual,6.40,"Thygaraya Nagar, Chennai"
2020,Hyundai Santro Sportz,"55,678",Petrol,Manual,4.04,"Thiruverkadu, Chennai"
2018,Volkswagen Polo 1.0 MPI Highline Plus,"42,989",Petrol,Manual,5.98,"Vadapalani, Chennai"
2015,Honda Jazz V,"59,000",Petrol,Manual,4.50,"Kovilambakkam, Chennai"
2016,Toyota Innova 2.5 G (Diesel) 7 Seater BS IV,"1,90,000",Diesel,Manual,16.90,"Anna Nagar West Extension, Chennai"
2015,Honda Jazz S,"46,985",Petrol,Manual,4.80,"Meenambakkam, Chennai"
2018,Nissan Micra XV,"62,090",Petrol,Manual,4.62,"Vadapalani, Chennai"
2019,Honda City V MT AVN,"94,311",Petrol,Manual,6.95,"MEENAMBAKKAM, Chennai"
2012,Maruti Ritz LDi,"1,13,666",Diesel,Manual,3.30,"Anna Nagar, Chennai"
2020,Hyundai Verna SX Diesel,"79,087",Diesel,Manual,8.95,"Vadapalani, Chennai"
2020,Hyundai Creta SX Opt Turbo BSVI,"24,000",Petrol,Automatic,15,"Medavakkam, Chennai"
2018,Honda WR-V i-DTEC VX,"1,13,579",Diesel,Manual,6.80,"Anna Nagar, Chennai"
2020,Maruti Ciaz Delta AT BSVI,"51,888",Petrol,Automatic,7.81,"Thiruverkadu, Chennai"
2016,Skoda Superb Style 1.8 TSI AT,"99,000",Petrol,Automatic,14,"Ashoknagar, Chennai"
2018,Skoda Superb LK 1.8 TSI AT,"60,000",Petrol,Automatic,19,"Anna Nagar, Chennai"
2021,Skoda Kushaq 1.5 TSI Style BSVI,"47,000",Petrol,Manual,14.45,"Anna Nagar, Chennai"
2020,MG Hector Sharp DCT,"36,539",Petrol,Automatic,12.30,"Thiruverkadu, Chennai"
2021,Kia Carnival Premium,"1,00,000",Diesel,Automatic,25,"Ashoknagar, Chennai"
2022,Volkswagen Taigun 1.0 TSI Topline AT BSVI,"57,237",Petrol,Automatic,12,"Ganapathipuram, Chennai"
2016,Volkswagen Vento 1.2 TSI Highline AT,"70,000",Petrol,Automatic,6,"Thygaraya Nagar, Chennai"
2011,Toyota Fortuner 3.0 Diesel,"2,35,000",Diesel,Manual,11,"Ashoknagar, Chennai"
2016,BMW X5 xDrive 30d Expedition,"1,20,000",Diesel,Automatic,26.50,"Ashoknagar, Chennai"
2013,Renault Scala Diesel RxL,"1,10,000",Diesel,Manual,3.50,"Anna Nagar, Chennai"
2019,Maruti Vitara Brezza ZDi AMT,"90,000",Diesel,Automatic,8.50,"Ashoknagar, Chennai"
2019,Volkswagen Vento 1.2 TSI Highline Plus AT,"43,955",Petrol,Automatic,7.74,"Thiruverkadu, Chennai"
2018,Mahindra XUV500 W11 FWD Diesel,"1,25,000",Diesel,Manual,12.50,"Ashoknagar, Chennai"
2015,Audi Q3 35 TDI Quattro Premium,"95,000",Diesel,Automatic,15,"Ashoknagar, Chennai"
2014,Maruti Celerio VXI,"64,572",Petrol,Manual,3.45,"Thygaraya Nagar, Chennai"
2013,Maruti Alto K10 2010-2014 VXI,"67,793",Petrol,Manual,2.40,"Thygaraya Nagar, Chennai"
2015,Honda Amaze SX i-DTEC,"39,000",Diesel,Manual,4.80,"Koyambedu, Chennai"
2015,Audi A4 35 TDI Premium,"1,15,000",Diesel,Automatic,11.50,"Ashoknagar, Chennai"
2017,Volvo XC 90 D5 Momentum,"47,000",Diesel,Automatic,41.50,"Thygaraya Nagar, Chennai"
2016,Hyundai Creta 1.6 VTVT SX Plus,"21,000",Petrol,Manual,8.20,"Medavakkam, Chennai"
2016,Land Rover Discovery Sport SD4 HSE Luxury,"75,000",Diesel,Automatic,26.50,"Ashoknagar, Chennai"
2016,Volkswagen Ameo 1.5 TDI Comfortline,"63,162",Diesel,Manual,6.05,"MEENAMBAKKAM, Chennai"
2012,Mercedes-Benz GL-Class 350 CDI Luxury,"70,000",Diesel,Automatic,19.50,"Ashoknagar, Chennai"
2014,Volvo XC 90 D5 AT AWD,"95,000",Diesel,Automatic,16.50,"Ashoknagar, Chennai"
2017,Maruti Alto 800 LXI Optional,"30,282",Petrol,Manual,2.77,"Thiruverkadu, Chennai"
2021,Hyundai i20 Asta IVT,"13,500",Petrol,Automatic,8.60,"Thygaraya Nagar, Chennai"
2022,Maruti Alto 800 LXI Opt BSVI,"23,273",Petrol,Manual,3.72,"Vadapalani, Chennai"
2020,Maruti Swift AMT ZXI,"40,000",Petrol,Automatic,6.45,"Medavakkam, Chennai"
2022,Maruti S-Presso VXI Opt AT 2019-2022,"51,372",Petrol,Automatic,4.56,"Ganapathipuram, Chennai"
2023,Toyota Innova Hycross ZX(O) Hybrid,"10,000",Petrol,Automatic,37.50,"Thygaraya Nagar, Chennai"
2022,Maruti Grand Vitara Alpha Plus Hybrid CVT,"25,198",Petrol,Automatic,15.27,"Vadapalani, Chennai"
2017,Maruti Swift LXI Optional-O,"35,255",Petrol,Manual,5.45,"Chromepet, Chennai"
2015,Maruti Celerio VXI,"94,339",Petrol,Manual,3.37,"Ganapathipuram, Chennai"
2021,Nissan Magnite Turbo XL BSVI,"91,717",Petrol,Manual,5.88,"Thiruverkadu, Chennai"
2022,Mahindra Bolero B6 Opt BSVI,"22,000",Diesel,Manual,10.25,"Anna Nagar, Chennai"
2016,Volkswagen Polo 1.2 MPI Comfortline,"58,948",Petrol,Manual,4.73,"Ganapathipuram, Chennai"
2014,Ford Ecosport 1.5 DV5 MT Titanium Optional,"79,000",Diesel,Manual,5.45,"Kovilambakkam, Chennai"
2014,Hyundai i10 Era LPG,"60,235",LPG,Manual,2.80,"Chromepet, Chennai"
2019,Hyundai i20 Sportz 1.2,"36,662",Petrol,Manual,5.93,"Vadapalani, Chennai"
2018,Renault KWID 1.0 AMT RXT,"54,862",Petrol,Automatic,3.58,"Vadapalani, Chennai"
2024,Maruti Wagon R VXI 1.2,"4,203",Petrol,Manual,6.78,"Vadapalani, Chennai"
2022,Nissan Magnite XV Premium BSVI,"65,369",Petrol,Manual,6.75,"Thiruverkadu, Chennai"
2019,Maruti Alto 800 VXI BSIV,"38,000",Petrol,Manual,3.45,"Medavakkam, Chennai"
2023,Tata Punch Creative AMT,"14,000",Petrol,Automatic,8.90,"Medavakkam, Chennai"
2017,Honda City i VTEC CVT SV,"45,001",Petrol,Automatic,8,"Kottivakkam, Chennai"
2022,Kia Seltos GTX Plus DCT,"30,000",Petrol,Automatic,15.90,"Thygaraya Nagar, Chennai"
2012,Hyundai i20 1.4 CRDi Magna,"76,253",Diesel,Manual,3.65,"Chromepet, Chennai"
2017,Maruti Alto 800 LXI,"53,482",Petrol,Manual,2.75,"Ganapathipuram, Chennai"
2022,Kia Sonet HTX Diesel Anniversary Edition,"36,062",Diesel,Manual,9.60,"Thiruverkadu, Chennai"
2020,Hyundai Venue SX Plus Turbo DCT,"74,000",Petrol,Automatic,8.25,"Kottivakkam, Chennai"
2016,Maruti Alto 800 LXi,"37,437",Petrol,Manual,2.89,"Airport, Chennai"
2022,Maruti Alto 800 LXi,"29,592",Petrol,Manual,3.74,"Airport, Chennai"
2021,Hyundai i20 Asta Turbo iMT,"31,353",Petrol,Manual,7.27,"Vadapalani, Chennai"
2020,Toyota Innova Crysta 2.4 GX 7 STR AT,"45,000",Diesel,Automatic,21,"Thygaraya Nagar, Chennai"
2016,Hyundai EON Era Plus Option,"69,452",Petrol,Manual,2.90,"Chromepet, Chennai"
2013,Hyundai i20 Sportz 1.4 CRDi,"90,943",Diesel,Manual,3.75,"Vadapalani, Chennai"
2015,Audi A3 35 TDI Attraction,"50,000",Diesel,Automatic,12.50,"Ashoknagar, Chennai"
2023,Maruti Vitara Brezza ZXI Plus Dual Tone,"25,142",Petrol,Manual,10.89,"Vadapalani, Chennai"
2021,Volkswagen Taigun 1.0 TSI Topline BSVI,"56,000",Petrol,Manual,10.90,"Anna Nagar, Chennai"
2019,Hyundai Venue SX Plus Turbo DCT BSIV,"69,000",Petrol,Automatic,8.50,"Anna Nagar West Extension, Chennai"
2016,Tata Tiago 1.2 Revotron XZ,"1,08,372",Petrol,Manual,3.25,"Meenambakkam, Chennai"
2022,Tata Harrier XZA Plus AT BSVI,"80,000",Diesel,Automatic,18.10,"Anna Nagar West Extension, Chennai"
2022,Mahindra XUV300 W8 Diesel BSVI,"17,000",Diesel,Manual,11.90,"Medavakkam, Chennai"
2014,Maruti Alto 800 LXI,"97,470",Petrol,Manual,2.23,"Ganapathipuram, Chennai"
2018,Hyundai Grand i10 1.2 Kappa Sportz Option AT,"18,106",Petrol,Automatic,5,"Thiruverkadu, Chennai"
2016,Hyundai Creta 1.6 SX Automatic,"42,000",Petrol,Automatic,8.40,"Thygaraya Nagar, Chennai"
2012,Maruti Swift Dzire VXI,"83,925",Petrol,Manual,3.19,"Vadapalani, Chennai"
2017,Honda Jazz 1.2 V AT i VTEC,"57,049",Petrol,Automatic,4.72,"Thiruverkadu, Chennai"
2017,Hyundai Grand i10 1.2 Kappa Sportz Option AT,"18,000",Petrol,Automatic,5.40,"Thygaraya Nagar, Chennai"
2022,Tata Altroz XZA DCT BSVI,"34,287",Petrol,Automatic,7.30,"Thiruverkadu, Chennai"
2017,Honda City ZX CVT,"41,034",Petrol,Automatic,8.25,"Thygaraya Nagar, Chennai"
2020,Hyundai Venue SX Diesel,"61,120",Diesel,Manual,7.97,"Vadapalani, Chennai"
2016,Maruti Wagon R VXI 1.2,"22,454",Petrol,Manual,4.26,"Vadapalani, Chennai"
2022,Maruti Swift ZXI CNG,"52,842",CNG,Manual,6.89,"Vadapalani, Chennai"
2020,Hyundai Creta SX Diesel,"39,631",Diesel,Manual,11.50,"Vadapalani, Chennai"
2021,Tata Tigor XZ Plus BSVI,"36,437",Petrol,Manual,5.65,"Thiruverkadu, Chennai"
2016,Renault KWID RXL,"65,270",Petrol,Manual,2.69,"Vadapalani, Chennai"
2022,Hyundai Verna SX Opt Turbo,"25,000",Petrol,Automatic,12.90,"Anna Nagar, Chennai"
2017,BMW X3 xDrive20d Expedition,"1,56,000",Diesel,Automatic,20,"Ashoknagar, Chennai"
2016,Maruti Vitara Brezza ZDi Plus,"62,291",Diesel,Manual,7.12,"Vadapalani, Chennai"
2015,Honda Amaze S Petrol,"87,267",Petrol,Manual,3.65,"Porur, Chennai"
2022,Maruti Alto K10 VXI Plus,"8,882",Petrol,Manual,4.25,"Thiruverkadu, Chennai"
2018,Maruti Vitara Brezza ZDi Plus AMT,"88,000",Diesel,Automatic,7.50,"Ashoknagar, Chennai"
2019,Hyundai i20 Sportz Plus BSIV,"75,842",Petrol,Manual,6.32,"Ganapathipuram, Chennai"
2013,Renault Duster RXL AWD,"98,000",Diesel,Manual,3.45,"Triplicane, Chennai"
2019,Renault Duster SANDSTORM RXS 110 PS,"78,210",Diesel,Manual,7.95,"Vadapalani, Chennai"
2019,Volkswagen Polo 1.0 MPI Comfortline,"35,225",Petrol,Manual,4.93,"Thiruverkadu, Chennai"
2020,Toyota Innova Crysta 2.4 GX 7 STR AT,"75,000",Diesel,Automatic,19.95,"Kovilambakkam, Chennai"
2022,Maruti Wagon R ZXI AMT 1.2,"8,000",Petrol,Automatic,6.45,"Medavakkam, Chennai"
2014,Ford Ecosport 1.5 TDCi Titanium BSIV,"98,727",Diesel,Manual,4.82,"Vadapalani, Chennai"
2018,Honda City VX MT,"54,000",Petrol,Manual,8.25,"Thygaraya Nagar, Chennai"
2017,Honda Jazz S,"52,449",Petrol,Manual,4.61,"Vadapalani, Chennai"
2015,Hyundai Verna 1.6 CRDi SX,"56,000",Diesel,Manual,6.45,"Anna Nagar, Chennai"
2013,Maruti Ertiga VXI,"54,000",Petrol,Manual,6.30,"Anna Nagar, Chennai"
2013,Toyota Fortuner 2.5 4x2 MT TRD Sportivo,"1,20,000",Diesel,Manual,14,"Ashoknagar, Chennai"
2018,Land Rover Range Rover Sport SE,"29,001",Diesel,Automatic,95,"Kottivakkam, Chennai"
2021,Volkswagen Polo GT 1.0 TSI,"72,045",Petrol,Automatic,7.91,"Thiruverkadu, Chennai"
2015,Honda City i VTEC SV,"87,976",Petrol,Manual,4.74,"Thiruverkadu, Chennai"
2018,Hyundai Grand i10 1.2 Kappa Magna AT,"90,115",Petrol,Automatic,3.89,"Thiruverkadu, Chennai"
2021,Mercedes-Benz E-Class Exclusive E 220d,"55,000",Diesel,Automatic,54.50,"Thygaraya Nagar, Chennai"
2011,Toyota Etios G,"65,000",Petrol,Manual,3.65,"Kovilambakkam, Chennai"
2015,Audi A4 35 TDI Premium,"13,50,000",Diesel,Automatic,16.50,"Kottivakkam, Chennai"
2023,Volkswagen Virtus GT DSG BSVI,"5,000",Petrol,Automatic,16.75,"Thygaraya Nagar, Chennai"
2016,Hyundai i20 Sportz 1.2,"38,536",Petrol,Manual,4.91,"Thiruverkadu, Chennai"
2017,Honda City i-VTEC CVT ZX,"60,135",Petrol,Automatic,8.10,"Chromepet, Chennai"
2017,Datsun GO Plus T,"35,397",Petrol,Manual,3.31,"Airport, Chennai"
2012,Maruti Swift Dzire VXi AT,"53,164",Petrol,Automatic,3.99,"Airport, Chennai"
2021,Honda City ZX CVT,"75,578",Petrol,Automatic,9.75,"Porur, Chennai"
2022,Maruti XL6 Zeta,"25,081",Petrol,Manual,9.71,"Vadapalani, Chennai"
2023,Hyundai Grand i10 Nios Sportz,"27,911",Petrol,Manual,7.02,"Vadapalani, Chennai"
2014,Hyundai i10 Magna 1.1,"73,696",Petrol,Manual,2.98,"Vadapalani, Chennai"
2011,Hyundai i20 Sportz Petrol,"1,34,264",Petrol,Manual,2.48,"Airport, Chennai"
2023,Toyota Innova Crysta 2.4 Zx 7Str,"15,000",Diesel,Manual,27.50,"Thygaraya Nagar, Chennai"
2017,Maruti Celerio VXI,"42,898",Petrol,Manual,3.78,"Vadapalani, Chennai"
2013,Maruti Swift Dzire VXI,"95,443",Petrol,Manual,3.33,"Vadapalani, Chennai"
2022,Hyundai Creta SX (O) Diesel AT,"33,109",Diesel,Automatic,16.99,"Airport, Chennai"
2016,Renault KWID RXT Optional,"50,570",Petrol,Manual,2.95,"Thygaraya Nagar, Chennai"
2020,Maruti Baleno Zeta Diesel,"29,535",Diesel,Manual,6.59,"Vadapalani, Chennai"
2019,Datsun RediGO 1.0 S,"1,10,767",Petrol,Manual,2.74,"Vadapalani, Chennai"
2017,Ford Ecosport 1.5 TDCi Trend BSIV,"88,784",Diesel,Manual,6.32,"Vadapalani, Chennai"
2012,Hyundai i10 Sportz AT,"47,854",Petrol,Automatic,3.29,"Thygaraya Nagar, Chennai"
2013,Maruti Swift Dzire LDI,"70,712",Diesel,Manual,4.75,"Chromepet, Chennai"
2020,Toyota Fortuner 2.8 2WD MT,"1,33,000",Diesel,Manual,28,"Ashoknagar, Chennai"
2020,Toyota Innova Crysta 2.4 VX 8 STR,"59,000",Diesel,Manual,22.50,"Thygaraya Nagar, Chennai"
2019,Honda Civic ZX BSIV,"50,222",Petrol,Automatic,17.20,"Porur, Chennai"
2016,Renault KWID RXT,"67,713",Petrol,Manual,2.71,"Vadapalani, Chennai"
2018,BMW 3 Series 320d,"69,000",Diesel,Automatic,19,"Triplicane, Chennai"
2019,Volkswagen Polo 1.0 MPI Trendline,"59,101",Petrol,Manual,4.45,"Thiruverkadu, Chennai"
2016,Datsun GO T,"22,431",Petrol,Manual,2.83,"Vadapalani, Chennai"
2018,Honda Brio 1.2 VX MT,"20,917",Petrol,Manual,4.85,"Anna Nagar, Chennai"
2012,Mahindra XUV500 W8 FWD,"1,30,000",Diesel,Manual,5,"Ashoknagar, Chennai"
2012,Ford Fiesta 1.4 Duratorq LXI,"1,22,980",Diesel,Manual,2.60,"Chromepet, Chennai"
2020,Maruti Ertiga ZXI Plus,"42,000",Petrol,Manual,10.70,"Anna Nagar, Chennai"
2018,Maruti Swift Dzire AMT ZXI,"47,734",Petrol,Automatic,5.84,"Vadapalani, Chennai"
2018,Toyota Innova Crysta 2.8 GX AT BSIV,"1,00,000",Diesel,Automatic,18.50,"Ashoknagar, Chennai"
2011,Hyundai i10 Sportz AT,"68,645",Petrol,Automatic,2.80,"Chromepet, Chennai"
2023,Maruti Swift VXI,"8,000",Petrol,Manual,7.95,"Anna Nagar, Chennai"
2010,Hyundai i10 Sportz 1.2 AT,"56,000",Petrol,Automatic,2.75,"Triplicane, Chennai"
2021,Tata Altroz XZ,"23,103",Petrol,Manual,6.99,"Airport, Chennai"
2023,Tata Altroz XE BSVI,"9,000",Petrol,Manual,5.75,"Kovilambakkam, Chennai"
2024,Skoda Kushaq 1.5 TSI Style DSG,"1,765",Petrol,Automatic,14.33,"Airport, Chennai"
2012,Hyundai i10 Sportz AT,"30,002",Petrol,Automatic,3.75,"Kottivakkam, Chennai"
2018,Maruti Ciaz Delta BSIV,"58,000",Petrol,Manual,6.25,"Koyambedu, Chennai"
2018,Toyota Fortuner 2.8 2WD MT BSIV,"1,32,000",Diesel,Manual,25,"Anna Nagar West Extension, Chennai"
2014,Hyundai Santa Fe 2WD MT,"1,42,000",Diesel,Manual,7.50,"Anna Nagar West Extension, Chennai"
2010,Maruti Ritz VXi,"48,000",Petrol,Manual,2.55,"Anna Nagar, Chennai"
2023,Mercedes-Benz GLA 220d 4M BSVI,"5,000",Diesel,Automatic,55,"Thygaraya Nagar, Chennai"
2022,Tata Punch Adventure BSVI,"32,148",Petrol,Manual,5.10,"Meenambakkam, Chennai"
2021,Nissan Magnite XE BSVI,"9,800",Petrol,Manual,5.60,"Pr. Accountant General S.O, Chennai"
2023,Hyundai Exter SX,"8,000",Petrol,Manual,7.90,"Anna Nagar West Extension, Chennai"
2023,Mahindra Thar LX 4WD Hard Top AT BSVI,"5,000",Petrol,Automatic,15.75,"Thygaraya Nagar, Chennai"
2021,Nissan Magnite Turbo XV BSVI,"30,659",Petrol,Manual,6.40,"Ganapathipuram, Chennai"
2023,Toyota Innova Hycross ZX(O) Hybrid,"7,000",Petrol,Automatic,37,"Thygaraya Nagar, Chennai"
2022,Toyota Urban cruiser Mid AT,"50,105",Petrol,Automatic,7.83,"Ganapathipuram, Chennai"
2022,Maruti Celerio ZXI AMT,"12,000",Petrol,Automatic,6.10,"Thygaraya Nagar, Chennai"
2015,Renault KWID RXT,"35,102",Petrol,Manual,2.66,"Thiruverkadu, Chennai"
2016,Honda City 1.5 V MT Exclusive,"50,276",Petrol,Manual,6.90,"MEENAMBAKKAM, Chennai"
2023,Maruti FRONX Delta Plus,"24,000",Petrol,Manual,8.90,"Medavakkam, Chennai"
2023,Toyota Fortuner 4X4 Diesel AT,"15,000",Diesel,Automatic,46,"Thygaraya Nagar, Chennai"
2022,Toyota Urban cruiser Premium,"48,037",Petrol,Manual,9.25,"MEENAMBAKKAM, Chennai"
2022,MG Gloster Savvy 4x4 6Str,"4,000",Diesel,Automatic,38.75,"Thygaraya Nagar, Chennai"
2011,Ford Fiesta 1.4 SXI Duratorq,"82,000",Diesel,Manual,2.65,"Anna Nagar, Chennai"
2019,Honda Amaze S Petrol,"44,712",Petrol,Manual,5.65,"MEENAMBAKKAM, Chennai"
2021,Hyundai i20 Asta IVT DT,"16,878",Petrol,Automatic,8.39,"Thiruverkadu, Chennai"
2016,Mahindra XUV300 W8 BSVI,"1,28,398",Petrol,Manual,4.05,"MEENAMBAKKAM, Chennai"
2022,Tata Altroz XZA Plus Dark Edition DCT BSVI,"30,258",Petrol,Automatic,7,"Thiruverkadu, Chennai"
2022,Mahindra Scorpio S5,"38,000",Diesel,Manual,14.50,"Medavakkam, Chennai"
2020,Jeep Compass 2.0 Limited Plus 4X4 AT,"45,000",Diesel,Automatic,18.90,"Thygaraya Nagar, Chennai"
2014,Honda Amaze VX Diesel,"1,21,314",Diesel,Manual,3.70,"Meenambakkam, Chennai"
2012,Maruti Wagon R VXI,"74,346",Petrol,Manual,3.10,"MEENAMBAKKAM, Chennai"
2021,Hyundai Santro Sportz AMT,"37,000",Petrol,Automatic,5.65,"Thygaraya Nagar, Chennai"
2018,Renault KWID Climber 1.0 AMT,"69,805",Petrol,Automatic,3.19,"Thiruverkadu, Chennai"
2021,Jeep Compass Model S DCT BSVI,"28,000",Petrol,Automatic,20.90,"Thygaraya Nagar, Chennai"
2018,Honda Jazz V CVT,"27,963",Petrol,Automatic,6.70,"Anna Nagar, Chennai"
2017,Jeep Compass 2.0 Sport,"65,000",Diesel,Manual,10.50,"Thygaraya Nagar, Chennai"
2016,Ford Ecosport 1.5 Ti VCT AT Titanium BSIV,"25,653",Petrol,Automatic,5.27,"Thiruverkadu, Chennai"
2019,Maruti Ertiga VXI,"59,000",Petrol,Manual,9,"Medavakkam, Chennai"
2014,Honda Amaze S AT i-Vtech,"50,000",Petrol,Automatic,4.30,"Thygaraya Nagar, Chennai"
2015,Ford Ecosport 1.5 Ti VCT AT Titanium BSIV,"73,554",Petrol,Automatic,4.95,"Ganapathipuram, Chennai"
2014,Ford Ecosport 1.5 Ti VCT MT Titanium,"81,288",Petrol,Manual,4.25,"MEENAMBAKKAM, Chennai"
2022,Tata Altroz XZ BSVI,"21,862",Petrol,Manual,7.95,"MEENAMBAKKAM, Chennai"
2020,BMW 5 Series 530d M Sport,"41,000",Diesel,Automatic,54,"Thygaraya Nagar, Chennai"
2015,Honda City SV MT,"1,08,818",Petrol,Manual,5.30,"MEENAMBAKKAM, Chennai"
2006,Hyundai Santro Xing XO eRLX Euro II,"72,110",Petrol,Manual,1.85,"MEENAMBAKKAM, Chennai"
2016,Volkswagen Polo 1.5 TDI Highline,"93,603",Diesel,Manual,5.19,"Thiruverkadu, Chennai"
2017,Maruti S Cross Delta DDiS 200 SH,"83,500",Diesel,Manual,6.90,"Thygaraya Nagar, Chennai"
2015,Hyundai EON Era Plus,"28,000",Petrol,Manual,2.90,"Anna Nagar, Chennai"
2015,Mercedes-Benz CLA 200 CGI Sport,"42,000",Petrol,Automatic,15.25,"Triplicane, Chennai"
2012,Skoda Rapid 1.6 TDI Elegance,"1,00,000",Diesel,Manual,4.50,"Anna Nagar, Chennai"
2017,Skoda Octavia 2.0 TDI AT L K,"58,000",Diesel,Automatic,19.40,"Thygaraya Nagar, Chennai"
2020,Mercedes-Benz GLE 300d BSVI,"30,000",Diesel,Automatic,70,"Thygaraya Nagar, Chennai"
2019,Kia Seltos GTX Plus DCT,"47,265",Petrol,Automatic,10.69,"Thiruverkadu, Chennai"
2022,Kia Seltos HTK Plus AT D,"20,000",Diesel,Automatic,16.25,"Thygaraya Nagar, Chennai"
2019,Hyundai Venue S,"11,000",Petrol,Manual,7.25,"Thygaraya Nagar, Chennai"
2020,Tata Altroz XE BSVI,"37,631",Petrol,Manual,5.26,"Thiruverkadu, Chennai"
2022,Hyundai Creta SX,"27,000",Petrol,Manual,13.95,"Thygaraya Nagar, Chennai"
2016,Honda Jazz 1.5 V i DTEC,"68,000",Diesel,Manual,4.50,"Velacheri, Chennai"
2014,Honda City i VTEC V,"1,32,627",Petrol,Manual,4.10,"Meenambakkam, Chennai"
2021,Mercedes-Benz E-Class Exclusive E 220d,"7,000",Diesel,Automatic,62,"Thygaraya Nagar, Chennai"
2019,Ford Ecosport 1.5 Petrol Titanium Plus AT BSIV,"63,000",Petrol,Automatic,8.25,"Medavakkam, Chennai"
2013,Maruti Swift ZDi,"95,535",Diesel,Manual,4.55,"MEENAMBAKKAM, Chennai"
2019,Hyundai Elantra 2.0 SX Option AT,"39,000",Petrol,Automatic,11.75,"Thygaraya Nagar, Chennai"
2022,Mahindra XUV700 AX7 AT Luxury Pack BSVI,"49,176",Petrol,Automatic,20.69,"Thiruverkadu, Chennai"
2018,Hyundai Creta 1.6 SX Automatic,"37,000",Petrol,Automatic,11.50,"Thygaraya Nagar, Chennai"
2019,Audi A3 35 TDI Premium Plus,"23,000",Diesel,Automatic,23.70,"Thygaraya Nagar, Chennai"
2009,Maruti Ritz VXI,"76,656",Petrol,Manual,2.30,"MEENAMBAKKAM, Chennai"
2014,Volkswagen Polo Diesel Comfortline 1.2L,"61,656",Diesel,Manual,3.95,"Thiruverkadu, Chennai"
2021,Hyundai Creta S BSVI,"26,000",Petrol,Manual,11.90,"Medavakkam, Chennai"
2023,Hyundai Tucson Signature Diesel 4WD AT BSVI,"20,000",Diesel,Automatic,35,"Thygaraya Nagar, Chennai"
2018,Maruti Alto K10 VXI AGS Optional,"49,120",Petrol,Automatic,3.47,"Vadapalani, Chennai"
2022,Mercedes-Benz C-Class C 220d,"2,500",Diesel,Automatic,52.50,"Thygaraya Nagar, Chennai"
2023,Hyundai i20 Sportz IVT,"13,000",Petrol,Automatic,10.90,"Medavakkam, Chennai"
2020,Hyundai Creta SX Opt IVT BSVI,"14,000",Petrol,Automatic,14.25,"Thygaraya Nagar, Chennai"
2018,Renault Duster Petrol RXS CVT,"21,653",Petrol,Automatic,6.55,"Thiruverkadu, Chennai"
2018,Maruti Ertiga SHVS ZDI,"24,000",Diesel,Manual,11.50,"Thygaraya Nagar, Chennai"
2022,Volkswagen Taigun 1.0 TSI Topline BSVI,"21,379",Petrol,Manual,11.26,"Ganapathipuram, Chennai"
2019,Hyundai Creta 1.6 SX Dual Tone,"19,000",Petrol,Manual,9.60,"Thygaraya Nagar, Chennai"
2021,Maruti Vitara Brezza VXI AT,"55,902",Petrol,Automatic,7.92,"Ganapathipuram, Chennai"
2013,Nissan Micra XL,"61,980",Petrol,Manual,2.95,"Meenambakkam, Chennai"
2022,Toyota Camry 2.5 Hybrid BSVI,"40,000",Petrol,Automatic,34.75,"Thygaraya Nagar, Chennai"
2018,Ford Ecosport 1.5 Petrol Titanium Plus AT BSIV,"56,000",Petrol,Automatic,7.50,"Medavakkam, Chennai"
2013,Mahindra Ssangyong Rexton RX7,"1,30,000",Diesel,Automatic,5,"Ashoknagar, Chennai"
2009,Hyundai Santro Xing GLS,"67,854",Petrol,Manual,1.95,"Thygaraya Nagar, Chennai"
2018,Maruti Alto 800 VXI,"57,173",Petrol,Manual,2.85,"Velacheri, Chennai"
2021,Hyundai Grand i10 Nios Sportz,"5,000",Petrol,Manual,6.90,"Medavakkam, Chennai"
2008,Hyundai i10 Magna 1.2,"84,521",Petrol,Manual,1.91,"Thygaraya Nagar, Chennai"
2020,Tata Altroz XZ Diesel BSVI,"30,574",Diesel,Manual,6.07,"Thiruverkadu, Chennai"
2020,Toyota Glanza G,"16,000",Petrol,Manual,7.25,"Thygaraya Nagar, Chennai"
2014,Maruti Wagon R VXI,"46,346",Petrol,Manual,3.60,"Meenambakkam, Chennai"
2022,Renault KWID 1.0 RXT AMT BSVI,"13,119",Petrol,Automatic,5.06,"Vadapalani, Chennai"
2019,Tata Tiago XM,"40,109",Petrol,Manual,4.27,"Vadapalani, Chennai"
2008,Honda City GXi,"1,27,400",Petrol,Manual,2.10,"Chromepet, Chennai"
2017,Honda Jazz 1.2 VX i VTEC,"71,353",Petrol,Manual,4.37,"Vadapalani, Chennai"
2023,Maruti Swift Dzire VXI,"35,000",Petrol,Manual,7.50,"Koyambedu, Chennai"
2019,Hyundai Santro Sportz AMT BSIV,"31,811",Petrol,Automatic,4.22,"Thiruverkadu, Chennai"
2019,Honda City CVT,"54,376",Petrol,Automatic,9.70,"Meenambakkam, Chennai"
2019,MG Hector Sharp Diesel MT,"53,000",Diesel,Manual,16.50,"Nungambakkam, Chennai"
2023,Tata Tigor XZA Plus Leatherette Pack AMT,"8,000",Petrol,Automatic,7.50,Chennai
2016,Volkswagen Polo 1.2 MPI Comfortline,"80,000",Petrol,Manual,4.50,Chennai
2018,Ford Endeavour 3.2 Titanium AT 4X4,"50,000",Diesel,Automatic,28.95,Chennai
2019,Skoda Kodiaq 2.0 TDI Laurin Klement,"30,000",Diesel,Automatic,33.90,Chennai
2021,Hyundai Aura S,"50,000",Petrol,Manual,6.50,Chennai
2021,Honda Amaze VX BSVI,"30,000",Petrol,Manual,7.40,Chennai
2019,Volkswagen Vento 1.6 Highline BSIV,"30,000",Petrol,Manual,9.50,Chennai
2017,Mahindra XUV500 W10 1.99 mHawk,"70,000",Diesel,Manual,10.50,Chennai
2023,Toyota Fortuner 4X2 Diesel,"30,000",Diesel,Manual,36,Chennai
2016,Tata Indica V2 DLS BSIII,"50,000",Diesel,Manual,2.50,Chennai
2015,Maruti Celerio ZXI Optional,"30,000",Petrol,Manual,3.55,Chennai
2000,Maruti Zen LXI,"80,000",Petrol,Manual,1.50,Chennai
2016,Renault KWID RXT Optional,"60,000",Petrol,Manual,2.50,Chennai
2018,Hyundai i20 1.2 Asta Option,"40,000",Petrol,Manual,5.80,Chennai
2014,Maruti Ciaz VDi Plus,"80,000",Diesel,Manual,5.50,Chennai
2021,Hyundai Grand i10 Nios AMT Sportz,"20,000",Petrol,Automatic,5,Chennai
2021,Tata Altroz XE Diesel,"50,000",Diesel,Manual,6.50,Chennai
2022,Renault Kiger RXT AMT,"10,000",Petrol,Automatic,8,Chennai
2014,Hyundai Xcent 1.2 Kappa S Option,"70,000",Petrol,Manual,3.60,Chennai
2007,Chevrolet Spark 1.0 LT,"80,000",Petrol,Manual,"89,000",Chennai
2007,Chevrolet Spark 1.0 LT,"80,000",Petrol,Manual,"85,000",Chennai
2018,Hyundai i20 1.2 Asta Option,"40,000",Petrol,Manual,5.80,Chennai
2017,Chevrolet Cruze LTZ,"1,20,000",Diesel,Manual,7.50,Chennai
2021,Maruti Vitara Brezza VXI,"50,000",Petrol,Manual,7.45,Chennai
2012,Maruti Alto K10 2010-2014 VXI,"30,000",Petrol,Manual,2.35,Chennai
2019,Mahindra XUV300 W8 BSIV,"50,000",Petrol,Manual,6.70,Chennai
2017,Mahindra Xylo H8 ABS with Airbags,"90,000",Diesel,Manual,4.50,Chennai
2022,Jeep Compass Model S Diesel BSVI,"30,000",Diesel,Manual,22,Chennai
2017,Mahindra KUV 100 NXT G80 K8 5Str BSIV,"1,00,000",Petrol,Manual,3.50,Chennai
2024,Hyundai i20 Sportz IVT,"10,000",Petrol,Automatic,9.40,Chennai
2021,Maruti Swift Dzire ZXI Plus AT BSVI,"70,000",Petrol,Automatic,8.30,Chennai
2013,Nissan Micra XV CVT,"90,000",Petrol,Automatic,2.69,Chennai
2018,Hyundai Grand i10 1.2 Kappa Sportz Option,"40,000",Petrol,Manual,5,Chennai
2018,Mercedes-Benz GLS 350d 4MATIC,"1,50,000",Diesel,Automatic,55,Chennai
2016,Honda Jazz 1.2 VX i VTEC,"70,000",Petrol,Manual,4.75,Chennai
2014,Mahindra XUV500 W6 2WD,"1,50,000",Diesel,Manual,6.50,Chennai
2008,Chevrolet Aveo U-VA 1.2,"40,000",Petrol,Manual,"90,000",Chennai
2016,Maruti Swift Dzire ZXI,"60,000",Petrol,Manual,5,Chennai
2008,Chevrolet Aveo U-VA 1.2,"40,000",Petrol,Manual,"90,000",Chennai
2017,Hyundai Creta 1.6 VTVT SX Plus Dual Tone,"30,000",Petrol,Manual,12,Chennai
2014,Mahindra Xylo D4,"1,02,030",Diesel,Manual,4.50,Chennai
2014,Mahindra Xylo D4,"90,000",Diesel,Manual,4.50,Chennai
2020,Tata Nexon XZ Plus (O) BSVI,"50,000",Petrol,Manual,7.75,Chennai
2016,Hyundai Verna 1.6 VTVT SX,"80,000",Petrol,Manual,5.25,Chennai
2017,Hyundai i20 Active 1.2 SX with AVN,"60,000",Petrol,Manual,6,Chennai
2012,Skoda Superb Ambition 2.0 TDI CR AT,"1,60,000",Diesel,Automatic,5,Chennai
2019,Ford Ecosport Signature Edition Diesel BSIV,"1,20,000",Diesel,Manual,6.75,Chennai
2022,Volkswagen Virtus GT Plus DSG BSVI,"30,000",Petrol,Automatic,16,Chennai
2019,Ford Ecosport Signature Edition Diesel BSIV,"1,20,000",Diesel,Manual,6.75,Chennai
2015,Mercedes-Benz S-Class S 350 CDI,"60,000",Diesel,Automatic,40,Chennai
2015,Mercedes-Benz S-Class S 350 CDI,"60,000",Diesel,Automatic,42,Chennai
2020,Skoda Rapid 1.0 TSI Ambition,"80,000",Petrol,Manual,8,Chennai
2014,Hyundai Grand i10 Magna,"90,000",Petrol,Manual,3.75,Chennai
2010,Maruti Swift Dzire VXi,"60,000",Petrol,Manual,2.60,Chennai
2016,Maruti Baleno 1.2 Delta,"60,000",Petrol,Manual,5.40,Chennai
2016,Renault Duster 85PS Diesel RxZ,"50,000",Diesel,Manual,6.50,Chennai
2013,Chevrolet Beat Diesel,"1,50,000",Diesel,Manual,1.15,Chennai
2020,Jeep Compass 2.0 Sport Plus,"30,000",Diesel,Manual,13.66,Chennai
2016,Maruti Baleno 1.2 Delta,"60,000",Petrol,Manual,5.40,Chennai
2021,Jeep Compass 2.0 Sport Diesel BSVI,"40,000",Diesel,Manual,13.25,Chennai
2016,Renault Duster 85PS Diesel RxZ,"50,000",Diesel,Manual,6.50,Chennai
2013,Chevrolet Beat Diesel,"1,50,000",Diesel,Manual,1.15,Chennai
2020,Jeep Compass 2.0 Sport Plus,"30,000",Diesel,Manual,13.66,Chennai
2015,Mercedes-Benz S-Class S 350 CDI,"60,000",Diesel,Automatic,40,Chennai
2015,Mercedes-Benz S-Class S 350 CDI,"60,000",Diesel,Automatic,42,Chennai
2017,Skoda Rapid 1.5 TDI Style BSIV,"1,60,000",Diesel,Manual,8,Chennai
2017,Skoda Rapid 1.5 TDI Style BSIV,"1,80,000",Diesel,Manual,7.20,Chennai
2015,Audi Q3 35 TDI Quattro Premium Plus,"1,20,000",Diesel,Automatic,18,Chennai
2020,Tata Tiago XZA AMT,"60,000",Petrol,Automatic,4.90,Chennai
2020,Hyundai Venue SX Dual Tone Diesel,"1,00,000",Diesel,Manual,8.75,Chennai
2024,Nissan Magnite XL AMT,"10,000",Petrol,Automatic,8.20,Chennai
2020,Kia Seltos HTX IVT G,"40,000",Petrol,Automatic,10.50,Chennai
2017,Volkswagen Ameo 1.2 MPI Comfortline,"40,000",Petrol,Manual,4.50,Chennai
2010,Maruti Swift Dzire VXi,"80,000",Petrol,Manual,2.50,Chennai
2016,Volkswagen Polo 1.2 MPI Highline,"40,000",Petrol,Manual,4.60,Chennai
2024,Maruti Baleno Alpha,"10,000",Petrol,Manual,10.50,Chennai
2024,Renault Kiger RXT AMT Opt,"10,000",Petrol,Automatic,9.15,Chennai
2009,Mercedes-Benz E-Class E350 CDI Avantgarde,"1,20,000",Diesel,Automatic,7,Chennai
2009,Mercedes-Benz E-Class E350 CDI Avantgarde,"1,20,000",Diesel,Automatic,7,Chennai
2009,Mercedes-Benz E-Class E350 CDI Elegance,"1,20,000",Diesel,Automatic,7,Chennai
2012,Chevrolet Beat Diesel LS,"1,50,000",Diesel,Manual,2.20,Chennai
2023,Tata Tiago XT Rhythm,"10,000",Petrol,Manual,5.90,Chennai
2024,Renault Kiger RXT AMT Opt,"10,000",Petrol,Automatic,9.15,Chennai
2016,Volkswagen Polo 1.2 MPI Highline,"40,000",Petrol,Manual,4.60,Chennai
2017,Hyundai Verna 1.6 SX VTVT,"60,000",Petrol,Manual,8.20,Chennai
2017,Mercedes-Benz GLA Class 200,"40,000",Petrol,Automatic,22.50,Chennai
2016,Hyundai Creta 1.6 VTVT SX Plus,"50,000",Petrol,Manual,6.50,Chennai
2022,Maruti Ignis Zeta BSVI,"20,000",Petrol,Manual,5.75,Chennai
2018,Maruti Wagon R VXI Plus,"70,000",Petrol,Manual,4.25,Chennai
2015,Hyundai Creta 1.6 CRDi SX,"90,000",Diesel,Manual,7.95,Chennai
2017,Hyundai Tucson 2.0 Dual VTVT 2WD MT,"20,000",Petrol,Manual,13.90,Chennai
2022,Hyundai Grand i10 Nios Sportz,"20,000",Petrol,Manual,6,Chennai
2017,Renault KWID 1.0 AMT RXT,"20,000",Petrol,Automatic,4.50,Chennai
2013,Maruti Swift Dzire VDI,"70,000",Diesel,Manual,4.50,Chennai
2023,Maruti Ertiga VXI AT BSVI,"20,000",Petrol,Automatic,11.20,Chennai
2021,Kia Sonet 1.5 GTX Plus Diesel DT,"40,000",Diesel,Manual,10.30,Chennai
2019,Hyundai Creta 1.6 CRDi SX,"70,000",Diesel,Manual,10.50,Chennai
2018,Hyundai Xcent 1.2 CRDi E,"70,000",Diesel,Manual,4,Chennai
2010,BMW 3 Series 320d,"60,000",Diesel,Automatic,7,Chennai
2022,Maruti Swift VXI AMT BSVI,"40,000",Petrol,Automatic,7.40,Chennai
2019,Kia Seltos HTX Plus AT D,"1,20,000",Diesel,Automatic,11.50,Chennai
2019,Kia Seltos HTK Plus AT D,"1,20,000",Diesel,Automatic,11.50,Chennai
2009,Hyundai i10 Magna 1.2,"40,000",Petrol,Manual,1.70,Chennai
2006,Maruti Alto 800 LXi BSIII,"1,20,000",Petrol,Manual,"90,000",Chennai
2009,Hyundai i10 Magna 1.2,"40,000",Petrol,Manual,1.75,Chennai
2021,Volkswagen Taigun 1.0 TSI Topline BSVI,"50,000",Petrol,Manual,12.50,Chennai
2009,Audi A6 2.7 TDI,"90,000",Diesel,Automatic,9.90,Chennai
2018,Maruti S Cross Delta DDiS 200 SH,"1,20,000",Diesel,Manual,7.20,Chennai
Request,Photos,,,,"39,000 kms      Petrol      Manual",Chennai
2014,Audi Q5 3.0 TDI Quattro,"1,60,000",Diesel,Automatic,25,Chennai
2018,Mercedes-Benz GLE 350d,"70,000",Diesel,Automatic,49.50,Chennai
2019,Kia Seltos HTK Diesel,"60,000",Diesel,Manual,10,Chennai
2012,Toyota Etios GD SP,"1,50,000",Diesel,Manual,7.50,Chennai
2020,Maruti Wagon R VXI,"10,000",Petrol,Manual,5,Chennai
2021,Toyota Fortuner Legender 4x4 AT BSVI,"20,000",Diesel,Automatic,45,Chennai
2011,Toyota Innova 2.5 V Diesel 7-seater,"1,60,000",Diesel,Manual,9.50,Chennai
2023,Tata Punch Accomplished AMT,"20,000",Petrol,Automatic,8,Chennai
2020,MG Hector Plus Sharp Diesel MT,"50,000",Diesel,Manual,15.50,Chennai
2021,Toyota Fortuner Legender 4x4 AT BSVI,"20,000",Diesel,Automatic,45,Chennai
2012,Toyota Etios GD SP,"1,50,000",Diesel,Manual,7.50,Chennai
2017,Ford Aspire 1.5 TDCi Titanium,"60,000",Diesel,Manual,5.75,Chennai
2010,Ford Fiesta 1.6 SXi Duratec,"1,20,000",Petrol,Manual,1.89,Chennai
2018,Hyundai i20 1.2 Magna Executive,"60,000",Petrol,Manual,4.73,Chennai
2023,Maruti Wagon R ZXI Plus AT Dual tone BSVI,"30,000",Petrol,Automatic,6.75,Chennai
2010,Hyundai i10 Sportz,"90,000",Petrol,Manual,1.95,Chennai
2021,Toyota Fortuner 2.8 4WD AT,"20,000",Diesel,Automatic,43.20,Chennai
2023,Tata Tiago NRG XZA AMT,"10,000",Petrol,Automatic,7.50,Chennai
2005,Honda New Accord VTi-L MT,"1,00,000",Petrol,Manual,"85,000",Chennai
2024,Honda Elevate ZX CVT,"10,000",Petrol,Automatic,17.40,Chennai
2023,Tata Punch Accomplished AMT,"20,000",Petrol,Automatic,8,Chennai
2011,Toyota Innova 2.5 V Diesel 7-seater,"1,60,000",Diesel,Manual,9.50,Chennai
2020,MG Hector Plus Sharp Diesel MT,"50,000",Diesel,Manual,15.50,Chennai
2014,Hyundai i20 Magna 1.2,"80,000",Petrol,Manual,3.80,Chennai
2015,Toyota Innova 2.5 ZX Diesel 7 Seater,"80,000",Diesel,Manual,14.50,Chennai
2023,Honda City ZX MT,"20,000",Petrol,Manual,15.50,Chennai
2012,BMW 3 Series 320d,"70,000",Diesel,Automatic,15,Chennai
2016,Hyundai Verna 1.6 VTVT S,"1,00,000",Petrol,Manual,5.40,Chennai
2024,Hyundai Aura S CNG,"40,000",CNG,Manual,8.15,Chennai
2022,Tata Safari XZ Plus Adventure Edition BSVI,"30,000",Diesel,Manual,17.50,Chennai
2020,Mercedes-Benz C-Class Progressive C 220d,"60,000",Diesel,Automatic,33,Chennai
2018,Maruti Ciaz Delta Automatic BSIV,"30,000",Petrol,Automatic,8,Chennai
2024,Kia Seltos HTX Diesel AT,"10,000",Diesel,Automatic,22,Chennai
2020,Mercedes-Benz C-Class Progressive C 220d,"60,000",Diesel,Automatic,33,Chennai
2018,Toyota Innova Crysta 2.4 VX MT 8S BSIV,"40,000",Diesel,Manual,20.20,Chennai
2024,Mahindra Thar LX Hard Top AT,"10,000",Petrol,Automatic,18,Chennai
2021,Maruti Baleno Delta,"40,000",Petrol,Manual,6.20,Chennai
2011,Hyundai i20 1.2 Sportz,"80,000",Petrol,Manual,2,Chennai
2022,Maruti Wagon R ZXI Plus Dual Tone BSVI,"10,000",Petrol,Manual,6,Chennai
2019,Nissan Micra XV CVT,"60,000",Petrol,Automatic,4.25,Chennai
2021,Renault Kiger RXT AMT,"50,000",Petrol,Automatic,5,Chennai
2022,Skoda Kushaq 1.0 TSI Style AT BSVI,"30,000",Petrol,Automatic,13.50,Chennai
2021,Mahindra Thar LX 4WD Hard Top AT BSVI,"30,000",Petrol,Automatic,14.50,Chennai
2021,Maruti Alto 800 VXI BSVI,"20,000",Petrol,Manual,3.70,Chennai
2016,Hyundai EON D Lite Plus,"50,000",Petrol,Manual,2.50,Chennai
2012,Honda City S,"80,000",Petrol,Manual,4,Chennai
2017,Hyundai Creta 1.6 VTVT AT SX Plus,"70,000",Petrol,Automatic,9,Chennai
2018,Hyundai Creta 1.6 SX Option Diesel,"70,000",Diesel,Manual,12.50,Chennai
2019,Hyundai Grand i10 Nios Asta,"70,000",Petrol,Manual,6,Chennai
Request,Photos,,,,"33,500 kms      Petrol      Manual",Chennai
2015,Renault Lodgy 85PS RxZ,"50,000",Diesel,Manual,4,Chennai
2013,Maruti Swift Dzire VXI,"50,000",Petrol,Manual,3.60,Chennai
2021,Maruti Swift AMT VXI,"80,000",Petrol,Automatic,5.30,Chennai
2019,Hyundai Grand i10 Nios Asta,"70,000",Petrol,Manual,6,Chennai
2014,Fiat Linea T-Jet,"80,000",Petrol,Manual,3.95,Chennai
2013,Mercedes-Benz E-Class 220 CDI,"60,000",Diesel,Automatic,15.50,Chennai
2023,Tata Safari XZA Plus (O) AT,"40,000",Diesel,Automatic,19,Chennai
2014,Honda Amaze VX AT i-Vtech,"1,20,000",Petrol,Automatic,3.70,Chennai
2019,Nissan Micra XV CVT,"60,000",Petrol,Automatic,4.25,Chennai
2018,Hyundai Creta 1.6 SX Option Diesel,"70,000",Diesel,Manual,12.50,Chennai
2015,Toyota Innova 2.5 G (Diesel) 8 Seater BS IV,"80,000",Diesel,Manual,3.80,Chennai
2018,Honda Amaze E i-VTEC,"50,000",Petrol,Manual,4.60,Chennai
2024,Kia Sonet HTX Turbo iMT,"40,000",Petrol,Manual,12.40,Chennai
2012,Maruti Ertiga VDI,"1,60,000",Diesel,Manual,5,Chennai
2006,Hyundai Santro Xing XO,"70,000",Petrol,Manual,1.60,Chennai
2023,Mahindra XUV400 EV EL Fast Charger DT,"10,000",Electric,Automatic,14.80,Chennai
2006,Hyundai Santro Xing XO,"70,000",Petrol,Manual,1.60,Chennai
2013,Maruti Eeco 5 Seater Standard BSIV,"49,000",Petrol,Manual,2.90,"Anna Nagar West Extension, Chennai"
2018,Hyundai Creta 1.6 SX Dual Tone,"40,000",Petrol,Manual,10,Chennai
2014,Honda City i DTEC VX,"80,000",Diesel,Manual,6,Chennai
2018,Audi Q3 30 TFSI Premium FWD,"50,000",Petrol,Automatic,20,Chennai
2011,Toyota Innova 2.5 G (Diesel) 8 Seater BS III,"90,000",Diesel,Manual,9,Chennai
2022,Hyundai Creta SX Turbo BSVI,"10,000",Petrol,Automatic,17,Chennai
2012,Hyundai i10 Sportz AT,"60,000",Petrol,Automatic,2.75,Chennai
2022,BMW 3 Series Gran Limousine 330Li M Sport First Edition,"50,000",Petrol,Automatic,41,Chennai
2017,Toyota Innova Crysta 2.4 VX MT 8S BSIV,"1,50,000",Diesel,Manual,17.50,Chennai
2012,Honda Brio E MT,"70,000",Petrol,Manual,1.90,Chennai
2019,Maruti S Cross Zeta DDiS 200 SH,"70,000",Diesel,Manual,7.70,Chennai
2016,Maruti S Cross DDiS 320 Alpha,"1,20,000",Diesel,Manual,7,Chennai
2022,Tata Tiago XZA Plus Dual Tone Roof AMT BSVI,"40,000",Petrol,Automatic,6.50,Chennai
2018,Maruti Swift Dzire VDI,"50,000",Diesel,Manual,6.50,Chennai
2018,Renault KWID Climber 1.0 MT,"50,000",Petrol,Manual,3.50,Chennai
2001,Maruti 800 AC,"50,000",Petrol,Manual,"28,000",Chennai
2023,Mini Cooper Countryman S JCW Inspired,"20,000",Petrol,Automatic,38,Chennai
2015,Maruti Ciaz ZXi Option,"40,000",Petrol,Manual,5.10,Chennai
2014,Hyundai Verna 1.6 CRDI,"90,000",Diesel,Manual,4.50,Chennai
2018,Maruti Swift AMT ZXI Plus,"80,000",Petrol,Automatic,5.60,Chennai
2013,Chevrolet Beat LS,"50,000",Petrol,Manual,1.40,Chennai
2022,Skoda Slavia 1.0 TSI Style Non-Sunroof BSVI,"40,000",Petrol,Manual,9.50,Chennai
2024,Tata Tiago XE,"10,000",Petrol,Manual,5.91,Chennai
2023,Jeep Compass 2.0 Model S Opt,"10,000",Diesel,Manual,32,Chennai
2020,Tata Altroz XM,"80,000",Petrol,Manual,4.60,Chennai
2011,Tata Safari DICOR 2.2 VX 4x2,"1,60,000",Diesel,Manual,3,Chennai
2024,Hyundai Aura SX Plus AMT,"20,000",Petrol,Automatic,8.60,Chennai
2023,Mahindra Marazzo M2 BSVI,"60,000",Diesel,Manual,14,Chennai
2017,Maruti Ignis 1.2 Delta BSIV,"70,000",Petrol,Manual,4.60,Chennai
2018,Hyundai Creta 1.6 SX Dual Tone,"40,000",Petrol,Manual,10,Chennai
2006,Hyundai Santro Xing XO,"70,000",Petrol,Manual,1.60,Chennai
2006,Hyundai Santro Xing XO,"70,000",Petrol,Manual,1.60,Chennai
2010,Hyundai Santro Xing GLS,"40,000",Petrol,Manual,1.80,Chennai
2003,Maruti 800 AC,"1,20,000",Petrol,Manual,"28,500",Chennai
2023,Maruti Swift VXI,"40,000",Petrol,Manual,6.95,Chennai
2014,Jaguar XF 2.2 Litre Luxury,"50,000",Diesel,Automatic,19,Chennai
2024,MG Astor Select,"10,000",Petrol,Manual,14.50,Chennai
2022,Tata Punch Adventure BSVI,"40,000",Petrol,Manual,6.70,Chennai
2023,Mahindra XUV400 EV EL Fast Charger DT,"10,000",Electric,Automatic,14.80,Chennai
2016,Skoda Rapid 1.5 TDI AT Ambition With Alloy Wheel,"1,50,000",Diesel,Automatic,5.50,Chennai
2014,Ford Figo Petrol Titanium,"1,50,000",Petrol,Manual,2.50,Chennai
2011,Maruti Zen Estilo VXI BSIV,"70,000",Petrol,Manual,1.70,Chennai
2021,Toyota Urban cruiser Premium AT,"20,000",Petrol,Automatic,10,Chennai
2014,Honda Amaze S AT i-Vtech,"32,000",Petrol,Automatic,5.25,Chennai
2012,Hyundai i20 1.4 CRDi Sportz,"90,000",Diesel,Manual,3.50,Chennai
2005,Mercedes-Benz E-Class E240 V6 AT,"60,000",Petrol,Automatic,3.50,Chennai
2024,MG Astor Select,"10,000",Petrol,Manual,14.50,Chennai
2023,Maruti Swift VXI,"40,000",Petrol,Manual,6.95,Chennai
2018,Maruti Eeco 5 Seater AC BSIV,"34,130",Petrol,Manual,4.25,"Thygaraya Nagar, Chennai"
2004,Fiat Palio 1.2 Sport,"80,000",Petrol,Manual,"80,000",Chennai
2013,Maruti Eeco 5 Seater Standard BSIV,"49,000",Petrol,Manual,2.90,"Anna Nagar West Extension, Chennai"
2023,Mahindra XUV400 EV EL Fast Charger DT,"10,000",Electric,Automatic,14.80,Chennai
2017,Ford Figo 1.2P Titanium MT,"30,000",Petrol,Manual,4,Chennai
2009,Hyundai i10 Magna 1.2,"90,000",Petrol,Manual,2.08,Chennai
2017,Toyota Etios Liva 1.2 VX,"60,000",Petrol,Manual,4,Chennai
2012,Maruti Wagon R Pro,"70,000",Petrol,Manual,3,Chennai
2001,Maruti Omni E 8 Str STD,"20,000",Petrol,Manual,1,Chennai
2021,Maruti Alto 800 VXI Plus BSVI,"20,000",Petrol,Manual,3.65,Chennai
2013,Hyundai Elantra SX AT,"1,00,000",Petrol,Automatic,5.70,Chennai
2018,Skoda Rapid 1.6 MPI Style BSIV,"76,000",Petrol,Manual,7,Chennai
2017,Maruti Swift Dzire ZXI,"50,000",Petrol,Manual,5.95,Chennai
2010,Hyundai i20 1.2 Asta,"80,000",Petrol,Manual,2.27,Chennai
2022,Mahindra Thar LX 4WD Hard Top BSVI,"20,000",Petrol,Manual,14.25,Chennai
2023,Mahindra XUV700 AX7 Diesel Luxury Pack BSVI,"20,000",Diesel,Manual,24,Chennai
2019,Maruti S Cross Delta DDiS 200 SH,"70,000",Diesel,Manual,7.35,Chennai
2001,Maruti Omni E 8 Str STD,"20,000",Petrol,Manual,1,Chennai
2021,Maruti Alto 800 VXI Plus BSVI,"20,000",Petrol,Manual,3.65,Chennai
2018,Skoda Rapid 1.6 MPI Style BSIV,"76,000",Petrol,Manual,7,Chennai
2017,Maruti Swift Dzire ZXI,"50,000",Petrol,Manual,5.95,Chennai
2010,Hyundai i20 1.2 Asta,"80,000",Petrol,Manual,2.27,Chennai
2017,Toyota Etios Liva 1.2 VX,"60,000",Petrol,Manual,4,Chennai
2019,Hyundai i20 Petrol Magna,"80,000",Petrol,Manual,5.50,Chennai
2015,Renault KWID RXL,"40,000",Petrol,Manual,3.40,Chennai
2010,Ford Fiesta 1.6 Duratec EXI,"80,000",Petrol,Manual,1.40,Chennai
2019,Maruti Ciaz Alpha BSIV,"1,20,000",Petrol,Manual,6.50,Chennai
2018,Hyundai Xcent 1.2 CRDi E,"1,50,000",Diesel,Manual,3.40,Chennai
2022,Maruti Eeco Cargo AC 5 Str Opt,"11,644",Petrol,Manual,5.23,"Vadapalani, Chennai"
2018,Hyundai i20 1.2 Spotz,"50,000",Petrol,Manual,6,Chennai
2010,Volkswagen Vento Diesel Highline,"1,60,000",Diesel,Manual,2.20,Chennai
2012,Toyota Innova 2.5 VX (Diesel) 7 Seater BS IV,"1,60,000",Diesel,Manual,11,Chennai
2017,Volkswagen Ameo 1.2 MPI Highline,"60,000",Petrol,Manual,5.30,Chennai
2012,Hyundai i10 Magna 1.1L,"30,000",Petrol,Manual,2.75,Chennai
2020,Mercedes-Benz S-Class S 350 d,"80,000",Diesel,Automatic,70,Chennai
2021,Honda Amaze VX Petrol,"50,000",Petrol,Manual,8,Chennai
2019,Maruti Wagon R ZXI AMT 1.2BSIV,"38,000",Petrol,Automatic,5.10,"Koyambedu, Chennai"
2024,MG ZS EV Essence,"10,000",Electric,Automatic,24,Chennai
2023,Maruti Baleno Alpha AMT,"20,000",Petrol,Automatic,9.50,Chennai
2012,Hyundai i10 Magna 1.1L,"30,000",Petrol,Manual,2.75,Chennai
2022,Maruti Eeco 5 Seater AC 2020-2022,"27,374",Petrol,Manual,4.92,"Vadapalani, Chennai"
2012,Toyota Innova 2.5 G (Diesel) 7 Seater,"1,60,000",Diesel,Manual,10.61,Chennai
2017,Datsun GO Plus T Option BSIV,"60,000",Petrol,Manual,2.40,Chennai
2015,Maruti Ertiga VXI,"50,000",Petrol,Manual,6,Chennai
2018,Honda Amaze VX i-VTEC,"1,20,000",Petrol,Manual,5.50,Chennai
2009,Tata Indigo CR4,"1,60,000",Diesel,Manual,"80,000",Chennai
2002,Maruti Zen 2 Door,"1,00,000",Petrol,Manual,1.40,Chennai
2017,Mercedes-Benz GLA Class 200 d Sport,"1,20,000",Diesel,Automatic,17,Chennai
2018,Tata Nexon 1.2 Revotron XT,"50,000",Petrol,Manual,5.30,Chennai
2015,Honda Amaze VX i-Vtech,"50,000",Petrol,Manual,4,Chennai
2022,Maruti Ertiga VXI CNG,"40,000",CNG,Manual,11.50,Chennai
2010,Mahindra Xylo E4 BS IV,"90,000",Diesel,Manual,2.75,Chennai
2014,Ford Figo Diesel Titanium,"1,50,000",Diesel,Manual,3,Chennai
2017,Hyundai Creta 1.6 CRDi SX Plus Dual Tone,"10,000",Diesel,Manual,12,Chennai
2015,Honda Amaze VX i-Vtech,"50,000",Petrol,Manual,4,Chennai
2023,Renault KWID Climber 1.0 AMT,"7,159",Petrol,Automatic,5.40,"Meenambakkam, Chennai"
2010,Mahindra Xylo E4 BS IV,"90,000",Diesel,Manual,2.75,Chennai
2020,Maruti Swift AMT VXI,"37,000",Petrol,Automatic,6.30,"Thygaraya Nagar, Chennai"
2022,Maruti Ertiga VXI CNG,"40,000",CNG,Manual,11.50,Chennai
2023,MG ZS EV Exclusive,"25,838",Electric,Automatic,18.90,"Peelamedu, Coimbatore"
2014,Mercedes-Benz M-Class ML 250 CDI,"64,781",Diesel,Automatic,23.90,"Peelamedu, Coimbatore"
2018,BMW 5 Series 520d Luxury Line,"47,825",Diesel,Automatic,34.90,"Peelamedu, Coimbatore"
2019,BMW 5 Series 520d Luxury Line,"64,873",Diesel,Automatic,41.90,"Peelamedu, Coimbatore"
2018,BMW X3 xDrive 20d Luxury Line,"93,581",Diesel,Automatic,29.90,"Peelamedu, Coimbatore"
2017,Volkswagen Tiguan 2.0 TDI Comfortline,"1,06,284",Diesel,Automatic,17.90,"Peelamedu, Coimbatore"
2017,Jaguar XF 2.0 Diesel Portfolio,"47,478",Diesel,Automatic,37.90,"Peelamedu, Coimbatore"
2020,Mercedes-Benz GLC 220d 4MATIC,"92,961",Diesel,Automatic,36.90,"Peelamedu, Coimbatore"
2016,Skoda Octavia Style Plus 1.8 TSI AT,"1,07,000",Petrol,Automatic,7.50,"Paltra, Gurgaon"
2017,BMW X1 sDrive 20d xLine,"1,04,215",Diesel,Automatic,17.90,"Peelamedu, Coimbatore"
2013,Mercedes-Benz A Class A180 CDI,"86,251",Diesel,Automatic,9.90,"Peelamedu, Coimbatore"
2021,BMW 3 Series Gran Limousine 320Ld Luxury Line,"79,628",Diesel,Automatic,32.90,"Peelamedu, Coimbatore"
2019,Skoda Superb LK 2.0 TDI AT,"58,321",Diesel,Automatic,25.90,"Peelamedu, Coimbatore"
2015,BMW 3 Series 320d Luxury Line,"76,318",Diesel,Automatic,15.90,"Peelamedu, Coimbatore"
2015,Land Rover Range Rover Evoque Pure,"1,40,596",Diesel,Automatic,21.90,"Peelamedu, Coimbatore"
2014,Audi A6 2.0 TDI,"75,284",Diesel,Automatic,11.90,"Peelamedu, Coimbatore"
2017,Mercedes-Benz GLA Class 200 CDI,"60,889",Diesel,Automatic,21.90,"Peelamedu, Coimbatore"
2023,BMW 3 Series Gran Limousine 330Li M Sport BSVI,"37,812",Petrol,Automatic,49.90,"Peelamedu, Coimbatore"
2019,Audi A6 45 TFSI Technology WO Matrix BSVI,"58,000",Petrol,Automatic,35.90,"Paltra, Gurgaon"
2022,Audi RS e-tron GT Quattro,"4,100",Electric,Automatic,1.29 Crore,"Paltra, Gurgaon"
2021,BMW X1 sDrive20d xLine,"39,561",Diesel,Automatic,29.90,"Peelamedu, Coimbatore"
2022,Audi A4 Technology,"28,500",Petrol,Automatic,34.80,"Paltra, Gurgaon"
2018,Audi Q3 35 TDI Quattro Premium Plus,"47,000",Diesel,Automatic,19.90,"Paltra, Gurgaon"
2023,Audi Q3 Sportback 40TFSI Quattro,"4,000",Petrol,Automatic,46.90,"Paltra, Gurgaon"
2024,Audi Q3 Sportback 40TFSI Quattro,"3,600",Petrol,Automatic,45.90,"Paltra, Gurgaon"
2016,Mercedes-Benz E-Class E 200 CGI,"57,800",Petrol,Automatic,19.90,"Paltra, Gurgaon"
2024,Audi A4 Premium Plus,"6,000",Petrol,Automatic,37.50,"Paltra, Gurgaon"
2017,Audi A5 Sportback,"79,800",Diesel,Automatic,23.80,"Paltra, Gurgaon"
2024,Audi Q7 Technology WO Matrix,"5,000",Petrol,Automatic,86.90,"Paltra, Gurgaon"
2023,Audi Q5 Technology,"26,900",Petrol,Automatic,49.50,"Paltra, Gurgaon"
2025,Audi Q3 Premium Plus,101,Petrol,Automatic,43.80,"Paltra, Gurgaon"
2023,Audi Q5 Technology,"21,000",Petrol,Automatic,49.50,"Paltra, Gurgaon"
2023,Audi S5 Sportback 3.0L TFSI Quattro BSVI,"1,900",Petrol,Automatic,75,"Paltra, Gurgaon"
2023,Audi Q8 e-tron 55 Quattro,"2,400",Electric,Automatic,95,"Paltra, Gurgaon"
2023,Audi Q7 Premium Plus,"9,900",Petrol,Automatic,76,"Paltra, Gurgaon"
2022,Audi Q5 Premium plus BSVI,"21,800",Petrol,Automatic,46.80,"Paltra, Gurgaon"
2025,Audi Q3 Premium Plus,101,Petrol,Automatic,43.90,"Paltra, Gurgaon"
2024,Audi A4 Technology,101,Petrol,Automatic,43.80,"Paltra, Gurgaon"
2024,Audi A4 Technology,101,Petrol,Automatic,43.80,"Paltra, Gurgaon"
2022,Mercedes-Benz AMG A 35 4MATIC BSVI,"14,950",Petrol,Automatic,46.90,"Paltra, Gurgaon"
2018,Mercedes-Benz GLC 220d 4MATIC Style,"39,000",Diesel,Automatic,28.50,"Paltra, Gurgaon"
2017,Audi Q7 40 TFSI Quattro,"59,600",Petrol,Automatic,38.50,"Paltra, Gurgaon"
2017,Audi Q7 40 TFSI Quattro Technology,"58,800",Petrol,Automatic,43.90,"Paltra, Gurgaon"
2018,Audi Q3 35 TDI Quattro Premium Plus,"25,000",Diesel,Automatic,21.90,"Paltra, Gurgaon"
2015,Audi A6 35 TDI Technology,"71,000",Diesel,Automatic,14.80,"Paltra, Gurgaon"
2021,Audi A4 Technology,"9,300",Petrol,Automatic,31.90,"Paltra, Gurgaon"
2019,Audi Q5 40 TDI Premium Plus,"32,700",Diesel,Automatic,31.90,"Paltra, Gurgaon"
2014,Audi A4 2.0 TDI Premium Plus,"68,000",Diesel,Automatic,8.90,"Paltra, Gurgaon"
2017,Audi Q3 30 TDI Premium FWD,"31,000",Diesel,Automatic,14.90,"Paltra, Gurgaon"
2019,Audi Q3 35 TDI Quattro Premium Plus,"60,800",Diesel,Automatic,20.90,"Paltra, Gurgaon"
2019,Mercedes-Benz GLC 220d 4MATIC Style,"1,14,200",Diesel,Automatic,25.90,"Paltra, Gurgaon"
2021,Audi A6 45 TFSI Technology WO Matrix BSVI,"53,000",Petrol,Automatic,39.90,"Paltra, Gurgaon"
2014,Mercedes-Benz C-Class C 200 CGI Avantgarde,"75,000",Petrol,Automatic,11.90,"Paltra, Gurgaon"
2013,BMW X3 xDrive30d,"49,000",Diesel,Automatic,9.90,"Paltra, Gurgaon"
2022,BMW iX xDrive40,"17,300",Electric,Automatic,85.90,"Paltra, Gurgaon"
2021,Audi Q5 Technology BSVI,"55,000",Petrol,Automatic,39.90,"Paltra, Gurgaon"
2015,Audi A3 35 TDI Technology,"55,000",Diesel,Automatic,9.90,"Paltra, Gurgaon"
2024,Audi A4 Premium,"5,500",Petrol,Automatic,33,"Paltra, Gurgaon"
2018,Toyota Yaris VX CVT BSIV,"55,000",Petrol,Automatic,7.50,"Paltra, Gurgaon"
2015,Audi A6 35 TDI Premium,"70,500",Diesel,Automatic,18.50,"Paltra, Gurgaon"
2017,Audi A3 35 TDI Premium Plus,"38,000",Diesel,Automatic,15.90,"Paltra, Gurgaon"
2016,Audi Q3 35 TDI Quattro Premium,"75,200",Diesel,Automatic,12.50,"Paltra, Gurgaon"
2022,Skoda Kushaq 1.5 TSI Style 4 Airbags DSG,"36,500",Petrol,Automatic,12.50,"Paltra, Gurgaon"
2017,Audi A3 cabriolet 1.4 TFSI,"49,000",Petrol,Automatic,37.80,"Paltra, Gurgaon"
